Workbook

Sheet Dashboard
A1: CIRCUITNINJA — SALES DASHBOARD
A2: Cíl: 1 000 000 Kč obratu do října 2026
A4: KPI
B5: =COUNTA(Tasks!A4:A50) -> 18 | F5: =COUNTIF(Tasks!G4:G50,"Done") -> 0 | J5: =COUNTIF(Tasks!G4:G50,"In Progress") -> 0
B7: Celkem úkolů | F7: Hotovo | J7: In Progress
B9: Celkový progress
B10: =IF(COUNTA(Tasks!A4:A50)>0,COUNTIF(Tasks!G4:G50,"Done")/COUNTA(Tasks!A4:A50),0) -> 0
B12: Rozdělení podle statusu | F12: Rozdělení podle trhu | G12: Úkolů | H12: Hotovo | J12: Rozdělení podle osoby | K12: Úkolů | L12: Hotovo
B13: To Do | C13: =COUNTIF(Tasks!G4:G50,B13) -> 18 | F13: Global | G13: =COUNTIF(Tasks!C4:C50,F13) -> 9 | H13: =COUNTIFS(Tasks!C4:C50,F13,Tasks!G4:G50,"Done") -> 0 | J13: Michael | K13: =COUNTIF(Tasks!E4:E50,J13) -> 6 | L13: =COUNTIFS(Tasks!E4:E50,J13,Tasks!G4:G50,"Done") -> 0
B14: In Progress | C14: =COUNTIF(Tasks!G4:G50,B14) -> 0 | F14: PL | G14: =COUNTIF(Tasks!C4:C50,F14) -> 5 | H14: =COUNTIFS(Tasks!C4:C50,F14,Tasks!G4:G50,"Done") -> 0 | J14: Ondřej | K14: =COUNTIF(Tasks!E4:E50,J14) -> 3 | L14: =COUNTIFS(Tasks!E4:E50,J14,Tasks!G4:G50,"Done") -> 0
B15: Done | C15: =COUNTIF(Tasks!G4:G50,B15) -> 0 | F15: CZ/SK | G15: =COUNTIF(Tasks!C4:C50,F15) -> 4 | H15: =COUNTIFS(Tasks!C4:C50,F15,Tasks!G4:G50,"Done") -> 0 | J15: Jakub | K15: =COUNTIF(Tasks!E4:E50,J15) -> 4 | L15: =COUNTIFS(Tasks!E4:E50,J15,Tasks!G4:G50,"Done") -> 0
B16: Blocked | C16: =COUNTIF(Tasks!G4:G50,B16) -> 0 | J16: Jenda | K16: =COUNTIF(Tasks!E4:E50,J16) -> 5 | L16: =COUNTIFS(Tasks!E4:E50,J16,Tasks!G4:G50,"Done") -> 0
B18: Progress podle fáze | C18: Úkolů | D18: Hotovo | E18: Progress | F18: Jak používat:
B19: SETUP | C19: =COUNTIF(Tasks!B4:B50,B19) -> 8 | D19: =COUNTIFS(Tasks!B4:B50,B19,Tasks!G4:G50,"Done") -> 0 | E19: =IF(C19>0,D19/C19,0) -> 0 | F19: 1. Přidávej úkoly do listu 'Tasks' — dashboard se aktualizuje automaticky
B20: PILOT | C20: =COUNTIF(Tasks!B4:B50,B20) -> 4 | D20: =COUNTIFS(Tasks!B4:B50,B20,Tasks!G4:G50,"Done") -> 0 | E20: =IF(C20>0,D20/C20,0) -> 0 | F20: 2. Měň status přes dropdown (To Do → In Progress → Done)
B21: SCALE | C21: =COUNTIF(Tasks!B4:B50,B21) -> 4 | D21: =COUNTIFS(Tasks!B4:B50,B21,Tasks!G4:G50,"Done") -> 0 | E21: =IF(C21>0,D21/C21,0) -> 0 | F21: 3. Gantt chart slouží pro vizuální přehled timeline
B22: KONFERENCE | C22: =COUNTIF(Tasks!B4:B50,B22) -> 2 | D22: =COUNTIFS(Tasks!B4:B50,B22,Tasks!G4:G50,"Done") -> 0 | E22: =IF(C22>0,D22/C22,0) -> 0 | F22: 4. Filtry v Tasks listu umožňují filtrovat podle fáze, trhu, osoby
F23: 5. Pro nový trh přidej řádky a zvol trh z dropdownu

Sheet Tasks
A1: CIRCUITNINJA — SALES TASK TRACKER
A3: ID | B3: Fáze | C3: Trh | D3: Úkol | E3: Zodpovědný | F3: Priorita | G3: Status | H3: Start | I3: Deadline | J3: Dokončeno | K3: Poznámky
A4: 1 | B4: SETUP | C4: Global | D4: Nastavení HubSpot CRM | E4: Michael | F4: Vysoká | G4: To Do | H4: 2026-05-12 | I4: 2026-05-23 | K4: Free tier
A5: 2 | B5: SETUP | C5: Global | D5: Definice ICP (Ideal Customer Profile) | E5: Michael | F5: Vysoká | G5: To Do | H5: 2026-05-12 | I5: 2026-05-16 | K5: Hardware dev, startupy, R&D
A6: 3 | B6: SETUP | C6: Global | D6: Příprava sales playbooku | E6: Michael | F6: Vysoká | G6: To Do | H6: 2026-05-19 | I6: 2026-05-23 | K6: Šablona pro Jendu
A7: 4 | B7: SETUP | C7: Global | D7: Nastavení Instantly.io | E7: Jenda | F7: Střední | G7: To Do | H7: 2026-05-19 | I7: 2026-05-23 | K7: Cold email sekvence
A8: 5 | B8: SETUP | C8: PL | D8: Lead list — Polsko (Apollo.io) | E8: Ondřej | F8: Vysoká | G8: To Do | H8: 2026-05-12 | I8: 2026-05-23 | K8: 200-300 kontaktů
A9: 6 | B9: SETUP | C9: PL | D9: Email templaty — polský trh | E9: Ondřej | F9: Střední | G9: To Do | H9: 2026-05-19 | I9: 2026-05-23 | K9: EN + PL verze
A10: 7 | B10: SETUP | C10: CZ/SK | D10: Lead list — CZ/SK | E10: Jakub | F10: Vysoká | G10: To Do | H10: 2026-05-12 | I10: 2026-05-23 | K10: Stávající kontakty + nové
A11: 8 | B11: SETUP | C11: CZ/SK | D11: Email templaty — CZ/SK trh | E11: Jakub | F11: Střední | G11: To Do | H11: 2026-05-19 | I11: 2026-05-23
A12: 9 | B12: PILOT | C12: PL | D12: Test — 100 kontaktů PL | E12: Jenda | F12: Vysoká | G12: To Do | H12: 2026-05-26 | I12: 2026-06-06 | K12: Instantly.io sekvence
A13: 10 | B13: PILOT | C13: CZ/SK | D13: Test — 100 kontaktů CZ/SK | E13: Jenda | F13: Vysoká | G13: To Do | H13: 2026-05-26 | I13: 2026-06-06
A14: 11 | B14: PILOT | C14: Global | D14: Ladění messagingu | E14: Michael | F14: Vysoká | G14: To Do | H14: 2026-06-01 | I14: 2026-06-06 | K14: Na základě response rate
A15: 12 | B15: PILOT | C15: Global | D15: Vyhodnocení pilotu | E15: Michael | F15: Vysoká | G15: To Do | H15: 2026-06-06 | I15: 2026-06-06 | K15: Go/No-Go rozhodnutí
A16: 13 | B16: SCALE | C16: PL | D16: Outreach PL dle playbooku | E16: Jenda | F16: Vysoká | G16: To Do | H16: 2026-06-08 | I16: 2026-09-30 | K16: Průběžně
A17: 14 | B17: SCALE | C17: CZ/SK | D17: Outreach CZ/SK dle playbooku | E17: Jenda | F17: Vysoká | G17: To Do | H17: 2026-06-08 | I17: 2026-09-30 | K17: Průběžně
A18: 15 | B18: SCALE | C18: Global | D18: Weekly review | E18: Michael | F18: Vysoká | G18: To Do | H18: 2026-06-08 | I18: 2026-09-30 | K18: Každý pátek
A19: 16 | B19: SCALE | C19: Global | D19: Hot leads → sales call | E19: Jakub | F19: Vysoká | G19: To Do | H19: 2026-06-08 | I19: 2026-09-30 | K19: Eskalace od Jendy
A20: 17 | B20: KONFERENCE | C20: PL | D20: Electronics Show 2026 — Varšava | E20: Ondřej | F20: Střední | G20: To Do | H20: 2026-05-19 | I20: 2026-05-21 | K20: Registrace zdarma
A21: 18 | B21: KONFERENCE | C21: Global | D21: Embedded World 2027 — Norimberk | E21: Jakub | F21: Nízká | G21: To Do | H21: 2027-03-01 | I21: 2027-03-03 | K21: Plánování dopředu

Sheet Gantt
A1: CIRCUITNINJA — GANTT CHART
A3: Fáze | B3: Úkol | C3: Zodpovědný | D3: T1 | E3: T2 | F3: T3 | G3: T4 | H3: T5 | I3: T6 | J3: T7 | K3: T8 | L3: T9 | M3: T10 | N3: T11 | O3: T12 | P3: T13 | Q3: T14 | R3: T15 | S3: T16 | T3: T17 | U3: T18 | V3: T19 | W3: T20 | X3: T21 | Y3: T22 | Z3: T23 | AA3: T24
D4: 11.05 | E4: 18.05 | F4: 25.05 | G4: 01.06 | H4: 08.06 | I4: 15.06 | J4: 22.06 | K4: 29.06 | L4: 06.07 | M4: 13.07 | N4: 20.07 | O4: 27.07 | P4: 03.08 | Q4: 10.08 | R4: 17.08 | S4: 24.08 | T4: 31.08 | U4: 07.09 | V4: 14.09 | W4: 21.09 | X4: 28.09 | Y4: 05.10 | Z4: 12.10 | AA4: 19.10
A5: SETUP | B5: Nastavení HubSpot CRM | C5: Michael
A6: SETUP | B6: Definice ICP | C6: Michael
A7: SETUP | B7: Sales playbook | C7: Michael
A8: SETUP | B8: Nastavení Instantly.io | C8: Jenda
A9: SETUP | B9: Lead list PL | C9: Ondřej
A10: SETUP | B10: Email templaty PL | C10: Ondřej
A11: SETUP | B11: Lead list CZ/SK | C11: Jakub
A12: SETUP | B12: Email templaty CZ/SK | C12: Jakub
A13: PILOT | B13: Test 100 kontaktů PL | C13: Jenda
A14: PILOT | B14: Test 100 kontaktů CZ/SK | C14: Jenda
A15: PILOT | B15: Ladění messagingu | C15: Michael
A16: PILOT | B16: Vyhodnocení pilotu | C16: Michael
... A21: KONFERENCE | B21: Electronics Show (Varšava) | C21: Ondřej
A24: Legenda: | B24: SETUP | D24: PILOT | F24: SCALE | H24: KONFERENCE
