Workbook

Sheet Arkusz1
A1: class | B1: date | C1: presenter ID | D1: name | E1: surname | F1: Paper title | G1: Paper link
A2: 2 | B2: =VLOOKUP(A2,classes!$A$1:$B$16,2,FALSE) -> 46078 | C2: 473090 | D2: =VLOOKUP(C2,'usos list'!$A$1:$E$35,2,FALSE) -> Eng | E2: =VLOOKUP(C2,'usos list'!$A$1:$E$35,3,FALSE) -> Kah Hui
A3: 2 | B3: =VLOOKUP(A3,classes!$A$1:$B$16,2,FALSE) -> 46078 | C3: 476913 | D3: =VLOOKUP(C3,'usos list'!$A$1:$E$35,2,FALSE) -> Adilkhan | E3: =VLOOKUP(C3,'usos list'!$A$1:$E$35,3,FALSE) -> Amir
A4: 3 | B4: =VLOOKUP(A4,classes!$A$1:$B$16,2,FALSE) -> 46085 | C4: 453877 | D4: =VLOOKUP(C4,'usos list'!$A$1:$E$35,2,FALSE) -> Winiarz | E4: =VLOOKUP(C4,'usos list'!$A$1:$E$35,3,FALSE) -> Julia
A5: 3 | B5: =VLOOKUP(A5,classes!$A$1:$B$16,2,FALSE) -> 46085 | C5: 332945 | D5: =VLOOKUP(C5,'usos list'!$A$1:$E$35,2,FALSE) -> Kędzierska-Głodek | E5: =VLOOKUP(C5,'usos list'!$A$1:$E$35,3,FALSE) -> Anna
A6: 4 | B6: =VLOOKUP(A6,classes!$A$1:$B$16,2,FALSE) -> 46092 | C6: 453939 | D6: =VLOOKUP(C6,'usos list'!$A$1:$E$35,2,FALSE) -> Rerek | E6: =VLOOKUP(C6,'usos list'!$A$1:$E$35,3,FALSE) -> Aleksandra
A7: 4 | B7: =VLOOKUP(A7,classes!$A$1:$B$16,2,FALSE) -> 46092 | C7: 394691 | D7: =VLOOKUP(C7,'usos list'!$A$1:$E$35,2,FALSE) -> Pochmara | E7: =VLOOKUP(C7,'usos list'!$A$1:$E$35,3,FALSE) -> Adam
A8: 5 | B8: =VLOOKUP(A8,classes!$A$1:$B$16,2,FALSE) -> 46099 | C8: 433380 | D8: =VLOOKUP(C8,'usos list'!$A$1:$E$35,2,FALSE) -> Herniczek | E8: =VLOOKUP(C8,'usos list'!$A$1:$E$35,3,FALSE) -> Zuzanna Zofia
A9: 5 | B9: =VLOOKUP(A9,classes!$A$1:$B$16,2,FALSE) -> 46099 | C9: 476929 | D9: =VLOOKUP(C9,'usos list'!$A$1:$E$35,2,FALSE) -> Hoang | E9: =VLOOKUP(C9,'usos list'!$A$1:$E$35,3,FALSE) -> Trang Thi Phuong
A10: 6 | B10: =VLOOKUP(A10,classes!$A$1:$B$16,2,FALSE) -> 46106 | C10: 475308 | D10: =VLOOKUP(C10,'usos list'!$A$1:$E$35,2,FALSE) -> Nguyen Bang | E10: =VLOOKUP(C10,'usos list'!$A$1:$E$35,3,FALSE) -> Tam
A11: 6 | B11: =VLOOKUP(A11,classes!$A$1:$B$16,2,FALSE) -> 46106 | C11: 477001 | D11: =VLOOKUP(C11,'usos list'!$A$1:$E$35,2,FALSE) -> Marvan | E11: =VLOOKUP(C11,'usos list'!$A$1:$E$35,3,FALSE) -> Ondřej
A12: 7 | B12: =VLOOKUP(A12,classes!$A$1:$B$16,2,FALSE) -> 46113 | C12: K-18762 | D12: =VLOOKUP(C12,'usos list'!$A$1:$E$35,2,FALSE) -> Suk | E12: =VLOOKUP(C12,'usos list'!$A$1:$E$35,3,FALSE) -> Changjo
A13: 7 | B13: =VLOOKUP(A13,classes!$A$1:$B$16,2,FALSE) -> 46113 | C13: 440186 | D13: =VLOOKUP(C13,'usos list'!$A$1:$E$35,2,FALSE) -> Banach | E13: =VLOOKUP(C13,'usos list'!$A$1:$E$35,3,FALSE) -> Paula Izabela
A14: 8 | B14: =VLOOKUP(A14,classes!$A$1:$B$16,2,FALSE) -> 46127 | C14: 487988 | D14: =VLOOKUP(C14,'usos list'!$A$1:$E$35,2,FALSE) -> Baharsyah | E14: =VLOOKUP(C14,'usos list'!$A$1:$E$35,3,FALSE) -> Wahyu Try
A15: 8 | B15: =VLOOKUP(A15,classes!$A$1:$B$16,2,FALSE) -> 46127 | C15: 487801 | D15: =VLOOKUP(C15,'usos list'!$A$1:$E$35,2,FALSE) -> Tran | E15: =VLOOKUP(C15,'usos list'!$A$1:$E$35,3,FALSE) -> Giang Phuong
A16: 9 | B16: =VLOOKUP(A16,classes!$A$1:$B$16,2,FALSE) -> 46134 | C16: 453658 | D16: =VLOOKUP(C16,'usos list'!$A$1:$E$35,2,FALSE) -> Jaworski | E16: =VLOOKUP(C16,'usos list'!$A$1:$E$35,3,FALSE) -> Adam Piotr
A17: 9 | B17: =VLOOKUP(A17,classes!$A$1:$B$16,2,FALSE) -> 46134 | C17: 429248 | D17: =VLOOKUP(C17,'usos list'!$A$1:$E$35,2,FALSE) -> Engel | E17: =VLOOKUP(C17,'usos list'!$A$1:$E$35,3,FALSE) -> Aleksandra
A18: 10 | B18: =VLOOKUP(A18,classes!$A$1:$B$16,2,FALSE) -> 46141 | C18: 474544 | D18: =VLOOKUP(C18,'usos list'!$A$1:$E$35,2,FALSE) -> Özdil | E18: =VLOOKUP(C18,'usos list'!$A$1:$E$35,3,FALSE) -> Dilara
A19: 10 | B19: =VLOOKUP(A19,classes!$A$1:$B$16,2,FALSE) -> 46141 | C19: 473533 | D19: =VLOOKUP(C19,'usos list'!$A$1:$E$35,2,FALSE) -> Li | E19: =VLOOKUP(C19,'usos list'!$A$1:$E$35,3,FALSE) -> Xiao
A20: 11 | B20: =VLOOKUP(A20,classes!$A$1:$B$16,2,FALSE) -> 46178 | C20: 473494 | D20: =VLOOKUP(C20,'usos list'!$A$1:$E$35,2,FALSE) -> Okhrimenko | E20: =VLOOKUP(C20,'usos list'!$A$1:$E$35,3,FALSE) -> Kostiantyn
A21: 11 | B21: =VLOOKUP(A21,classes!$A$1:$B$16,2,FALSE) -> 46178 | C21: 476683 | D21: =VLOOKUP(C21,'usos list'!$A$1:$E$35,2,FALSE) -> Bai | E21: =VLOOKUP(C21,'usos list'!$A$1:$E$35,3,FALSE) -> Weidong
A22: 12 | B22: =VLOOKUP(A22,classes!$A$1:$B$16,2,FALSE) -> 46155 | C22: 476456 | D22: =VLOOKUP(C22,'usos list'!$A$1:$E$35,2,FALSE) -> Koç | E22: =VLOOKUP(C22,'usos list'!$A$1:$E$35,3,FALSE) -> Mustafa Kaan
A23: 12 | B23: =VLOOKUP(A23,classes!$A$1:$B$16,2,FALSE) -> 46155 | C23: 394608 | D23: =VLOOKUP(C23,'usos list'!$A$1:$E$35,2,FALSE) -> Wójcik | E23: =VLOOKUP(C23,'usos list'!$A$1:$E$35,3,FALSE) -> Artur Szymon
A24: 13 | B24: =VLOOKUP(A24,classes!$A$1:$B$16,2,FALSE) -> 46162 | C24: 473659 | D24: =VLOOKUP(C24,'usos list'!$A$1:$E$35,2,FALSE) -> Ebiri | E24: =VLOOKUP(C24,'usos list'!$A$1:$E$35,3,FALSE) -> Yücel Tan
... A27: 14 | B27: =VLOOKUP(A27,classes!$A$1:$B$16,2,FALSE) -> 46169 | C27: 418397 | D27: =VLOOKUP(C27,'usos list'!$A$1:$E$35,2,FALSE) -> Łazuga | E27: =VLOOKUP(C27,'usos list'!$A$1:$E$35,3,FALSE) -> Adrianna
A28: 15 | B28: =VLOOKUP(A28,classes!$A$1:$B$16,2,FALSE) -> 46176 | D28: =VLOOKUP(C28,'usos list'!$A$1:$E$35,2,FALSE) -> #N/A | E28: =VLOOKUP(C28,'usos list'!$A$1:$E$35,3,FALSE) -> #N/A | F28: /additional slots for people registered late
A29: 15 | B29: =VLOOKUP(A29,classes!$A$1:$B$16,2,FALSE) -> 46176 | D29: =VLOOKUP(C29,'usos list'!$A$1:$E$35,2,FALSE) -> #N/A | E29: =VLOOKUP(C29,'usos list'!$A$1:$E$35,3,FALSE) -> #N/A

Sheet classes
A1: class | B1: date | C1: topic | D1: teacher
A2: 1 | B2: 46071 | C2: Working with spatial data 1 (R classes, reading, visualisation) | D2: dr Kubara
A3: 2 | B3: 46078 | C3: Working with spatial data 2 (integration of different types of spatial data) | D3: mgr Kot
A4: 3 | B4: 46085 | C4: Working with spatial data 3 (spatial weight matrices, radial zoning, knn) | D4: mgr Kot
A5: 4 | B5: 46092 | C5: Working with spatial data 4 (DEGURBA) | D5: mgr Kot
A6: 5 | B6: 46099 | C6: Supervised ML | D6: prof Kopczewska
A7: 6 | B7: 46106 | C7: Supervised ML (rf, ann, spatial and radial weight matrices) | D7: prof Kopczewska
A8: 7 | B8: 46113 | C8: Supervised ML (geographically weighted random forest) | D8: prof Kopczewska
A9: 8 | B9: 46127 | C9: Supervised ML (convolutional neural networks) | D9: dr Kubara
A10: 9 | B10: 46134 | C10: Supervised ML in space (causality-based ML models) | D10: dr Kubara
A11: 10 | B11: 46141 | C11: Unsupervised ML (clustering of geolocated points) | D11: prof Kopczewska
A12: 11 | B12: 46178 | C12: Unsupervised ML (measuring spatial agglomeration) | D12: prof Kopczewska
A13: 12 | B13: 46155 | C13: Unsupervised ML in space (surface modelling methods) | D13: mgr Kot
... A15: 14 | B15: 46169 | C15: Unsupervised ML in space (spatial association rules) | D15: prof Kopczewska
A16: 15 | B16: 46176 | C16: Kriging as a method for extrapolating the results of ML from points to surfacesdr Zabarina

Sheet usos list
A1: nr albumu | B1: nazwisko | C1: imiona | D1: aktywny | E1: grupy
A2: 476913 | B2: Adilkhan | C2: Amir | D2: tak | E2: KON1
A3: 431021 | B3: Amrute | C3: Shrivallabh | D3: tak | E3: KON1 | F3: 1
A4: 487988 | B4: Baharsyah | C4: Wahyu Try | D4: tak | E4: KON1 | F4: 2
A5: 476683 | B5: Bai | C5: Weidong | D5: tak | E5: KON1 | F5: 3
A6: 440186 | B6: Banach | C6: Paula Izabela | D6: tak | E6: KON1 | F6: 4
A7: 473659 | B7: Ebiri | C7: Yücel Tan | D7: tak | E7: KON1 | F7: 5
A8: 473090 | B8: Eng | C8: Kah Hui | D8: tak | E8: KON1
A9: 429248 | B9: Engel | C9: Aleksandra | D9: tak | E9: KON1 | F9: 6
A10: 433380 | B10: Herniczek | C10: Zuzanna Zofia | D10: tak | E10: KON1
A11: 476929 | B11: Hoang | C11: Trang Thi Phuong | D11: tak | E11: KON1 | F11: 7 | G11: c
A12: 453658 | B12: Jaworski | C12: Adam Piotr | D12: tak | E12: KON1 | F12: 8
A13: 332945 | B13: Kędzierska-Głodek | C13: Anna | D13: tak | E13: KON1 | F13: 9
A14: 476456 | B14: Koç | C14: Mustafa Kaan | D14: tak | E14: KON1 | F14: 10
A15: 439999 | B15: Kowalczyk | C15: Łukasz | D15: tak | E15: KON1 | F15: 11
A16: 473533 | B16: Li | C16: Xiao | D16: tak | E16: KON1 | F16: 12
A17: 418397 | B17: Łazuga | C17: Adrianna | D17: tak | E17: KON1 | F17: 13
A18: 477001 | B18: Marvan | C18: Ondřej | D18: tak | E18: KON1
A19: 475308 | B19: Nguyen Bang | C19: Tam | D19: tak | E19: KON1 | F19: 14
A20: 473494 | B20: Okhrimenko | C20: Kostiantyn | D20: tak | E20: KON1 | F20: 15
A21: 474544 | B21: Özdil | C21: Dilara | D21: tak | E21: KON1 | F21: 16
A22: 394691 | B22: Pochmara | C22: Adam | D22: tak | E22: KON1 | F22: 17
A23: 453939 | B23: Rerek | C23: Aleksandra | D23: tak | E23: KON1
A24: K-18762 | B24: Suk | C24: Changjo | D24: tak | E24: KON1 | F24: 18
A25: 487801 | B25: Tran | C25: Giang Phuong | D25: tak | E25: KON1 | F25: 19
A26: 453877 | B26: Winiarz | C26: Julia | D26: tak | E26: KON1 | F26: 20
A27: 394608 | B27: Wójcik | C27: Artur Szymon | D27: tak | E27: KON1 | F27: 21
A28: 123 | B28: tba | C28: tba
