Workbook

Sheet MDS
B3: Multidimensional Scaling
B6: Purpose: reduction of multidimensionality (similar to PCA).
B7: Method: This is a nonlinear method (which is a big advantage). The algorithm places points on the plane so that the dependencies are best preserved.
B9: Implementation:
B10: 1) Define the distance between objects (eg Euclidean distance) in the original N-dimensional space
B16: 2) Define the distance between objects (eg Euclidean distance) in a new n-dimensional space
B21: 3) Define the STRESS function - its value depends on the distance relationship in both spaces. For similar distance distributions the function takes its minimum
B22: The most popular is the Kruskal scaling:
H24: Where Dij is the distance in the original space N
H25: dij is the distance in the new space n
B28: 4) Minimize the objective function in iterations

Sheet MDS example
O3: Step 2 | P3: Preparation of distance matrix in N-dimensional space
Q5: It is about counting the distance in pairs for the next variables (that is, for each pair of observations of a pair of variables)
Q6: Distance is the sum of the squared differences - you can use the function: SUMA.XMY.2 ()
B7: How to perform multivariate scaling? | Q7: We fill the matrix by rows - in the first row 1: 1, 1: 2, 1: 3, 1: 4 etc
Q8: In the second line: 2: 1, 2: 2, 2: 3 etc
B9: Step 1 Data capture | Q9: That means that we always have one locked column and one variable in the row
B10: Let's say we want to draw 100 respondents on a subjective evaluation of 10 products. | N10: how many rows | O10: =ROWS(C16:L115) -> 100 | Q10: To smoothly fill in the matrix by rows (in fact change the blocked column), use the SHIFT() (PRZESUNIĘCIE) function.
B11: Ratings range from 1 (best) to 10 (worst). | N11: how many columns | O11: {=ROWS(TRANSPOSE(C16:L115))} -> 10 | Q11: You can prepare a surface empirical plot to see which pair of distances are the lowest.
B12: Here below we have random numbers drawen from different distributions
O13: Matrix of empirical distance Dij
B14: pattern | C14: =ROUND(RAND()*2+3,0) -> 5 | D14: =ROUND(RAND()*2+3,0) -> 5 | E14: =ROUND(RAND()*2+3,0) -> 4 | F14: =ROUND(RAND()*2+3,0) -> 3 | G14: =ROUND(RAND()*3,0) -> 3 | H14: =ROUND(RAND()*3,0) -> 1 | I14: =ROUND(RAND()*3,0) -> 1 | J14: =ROUND(RAND()*4+5,0) -> 5 | K14: =ROUND(RAND()*4+5,0) -> 5 | L14: =ROUND(RAND()*4+5,0) -> 9 | Q14: 1 | R14: 2 | S14: 3 | T14: 4 | U14: 5 | V14: 6 | W14: 7 | X14: 8 | Y14: 9 | Z14: 10
B15: Customer | C15: Rating of product 1 | D15: Rating of product 2 | E15: Rating of product 3 | F15: Rating of product 4 | G15: Rating of product 5 | H15: Rating of product 6 | I15: Rating of product 7 | J15: Rating of product 8 | K15: Rating of product 9 | L15: Rating of product 10 | Q15: Rating of product 1 | R15: Rating of product 2 | S15: Rating of product 3 | T15: Rating of product 4 | U15: Rating of product 5 | V15: Rating of product 6 | W15: Rating of product 7 | X15: Rating of product 8 | Y15: Rating of product 9 | Z15: Rating of product 10
B16: 1 | C16: 3 | D16: 3 | E16: 5 | F16: 3 | G16: 2 | H16: 3 | I16: 1 | J16: 6 | K16: 6 | L16: 7 | O16: 1 | P16: Rating of product 1 | Q16: =SUMXMY2(OFFSET($C$16,0,$O16-1,$O$10),OFFSET($C$16,0,Q$14-1,$O$10))^0.5 -> 0 | R16: =SUMXMY2(OFFSET($C$16,0,$O16-1,$O$10),OFFSET($C$16,0,R$14-1,$O$10))^0.5 -> 10.440307 | S16: =SUMXMY2(OFFSET($C$16,0,$O16-1,$O$10),OFFSET($C$16,0,S$14-1,$O$10))^0.5 -> 9.1104336 | T16: =SUMXMY2(OFFSET($C$16,0,$O16-1,$O$10),OFFSET($C$16,0,T$14-1,$O$10))^0.5 -> 9.2736185 | U16: =SUMXMY2(OFFSET($C$16,0,$O16-1,$O$10),OFFSET($C$16,0,U$14-1,$O$10))^0.5 -> 28.354894 | V16: =SUMXMY2(OFFSET($C$16,0,$O16-1,$O$10),OFFSET($C$16,0,V$14-1,$O$10))^0.5 -> 27.313001 | W16: =SUMXMY2(OFFSET($C$16,0,$O16-1,$O$10),OFFSET($C$16,0,W$14-1,$O$10))^0.5 -> 28.390139 | X16: =SUMXMY2(OFFSET($C$16,0,$O16-1,$O$10),OFFSET($C$16,0,X$14-1,$O$10))^0.5 -> 32.572995 | ... Z16: =SUMXMY2(OFFSET($C$16,0,$O16-1,$O$10),OFFSET($C$16,0,Z$14-1,$O$10))^0.5 -> 34.842503
B17: 2 | C17: 3 | D17: 5 | E17: 4 | F17: 5 | G17: 1 | H17: 1 | I17: 3 | J17: 6 | K17: 6 | L17: 7 | O17: 2 | P17: Rating of product 2 | Q17: =SUMXMY2(OFFSET($C$16,0,$O17-1,$O$10),OFFSET($C$16,0,Q$14-1,$O$10))^0.5 -> 10.440307 | R17: =SUMXMY2(OFFSET($C$16,0,$O17-1,$O$10),OFFSET($C$16,0,R$14-1,$O$10))^0.5 -> 0 | S17: =SUMXMY2(OFFSET($C$16,0,$O17-1,$O$10),OFFSET($C$16,0,S$14-1,$O$10))^0.5 -> 10.583005 | T17: =SUMXMY2(OFFSET($C$16,0,$O17-1,$O$10),OFFSET($C$16,0,T$14-1,$O$10))^0.5 -> 9.9498744 | U17: =SUMXMY2(OFFSET($C$16,0,$O17-1,$O$10),OFFSET($C$16,0,U$14-1,$O$10))^0.5 -> 27.440845 | V17: =SUMXMY2(OFFSET($C$16,0,$O17-1,$O$10),OFFSET($C$16,0,V$14-1,$O$10))^0.5 -> 26.627054 | W17: =SUMXMY2(OFFSET($C$16,0,$O17-1,$O$10),OFFSET($C$16,0,W$14-1,$O$10))^0.5 -> 27.404379 | X17: =SUMXMY2(OFFSET($C$16,0,$O17-1,$O$10),OFFSET($C$16,0,X$14-1,$O$10))^0.5 -> 34.146742 | ... Z17: =SUMXMY2(OFFSET($C$16,0,$O17-1,$O$10),OFFSET($C$16,0,Z$14-1,$O$10))^0.5 -> 35.566838
B18: 3 | C18: 5 | D18: 3 | E18: 3 | F18: 4 | G18: 0 | H18: 0 | I18: 1 | J18: 5 | K18: 9 | L18: 5 | O18: 3 | P18: Rating of product 3 | Q18: =SUMXMY2(OFFSET($C$16,0,$O18-1,$O$10),OFFSET($C$16,0,Q$14-1,$O$10))^0.5 -> 9.1104336 | R18: =SUMXMY2(OFFSET($C$16,0,$O18-1,$O$10),OFFSET($C$16,0,R$14-1,$O$10))^0.5 -> 10.583005 | S18: =SUMXMY2(OFFSET($C$16,0,$O18-1,$O$10),OFFSET($C$16,0,S$14-1,$O$10))^0.5 -> 0 | T18: =SUMXMY2(OFFSET($C$16,0,$O18-1,$O$10),OFFSET($C$16,0,T$14-1,$O$10))^0.5 -> 10.148892 | U18: =SUMXMY2(OFFSET($C$16,0,$O18-1,$O$10),OFFSET($C$16,0,U$14-1,$O$10))^0.5 -> 27.073973 | V18: =SUMXMY2(OFFSET($C$16,0,$O18-1,$O$10),OFFSET($C$16,0,V$14-1,$O$10))^0.5 -> 25.980762 | W18: =SUMXMY2(OFFSET($C$16,0,$O18-1,$O$10),OFFSET($C$16,0,W$14-1,$O$10))^0.5 -> 27.037012 | X18: =SUMXMY2(OFFSET($C$16,0,$O18-1,$O$10),OFFSET($C$16,0,X$14-1,$O$10))^0.5 -> 33.105891 | ... Z18: =SUMXMY2(OFFSET($C$16,0,$O18-1,$O$10),OFFSET($C$16,0,Z$14-1,$O$10))^0.5 -> 34.94281
B19: 4 | C19: 5 | D19: 5 | E19: 4 | F19: 4 | G19: 0 | H19: 0 | I19: 0 | J19: 6 | K19: 8 | L19: 7 | O19: 4 | P19: Rating of product 4 | Q19: =SUMXMY2(OFFSET($C$16,0,$O19-1,$O$10),OFFSET($C$16,0,Q$14-1,$O$10))^0.5 -> 9.2736185 | R19: =SUMXMY2(OFFSET($C$16,0,$O19-1,$O$10),OFFSET($C$16,0,R$14-1,$O$10))^0.5 -> 9.9498744 | S19: =SUMXMY2(OFFSET($C$16,0,$O19-1,$O$10),OFFSET($C$16,0,S$14-1,$O$10))^0.5 -> 10.148892 | T19: =SUMXMY2(OFFSET($C$16,0,$O19-1,$O$10),OFFSET($C$16,0,T$14-1,$O$10))^0.5 -> 0 | U19: =SUMXMY2(OFFSET($C$16,0,$O19-1,$O$10),OFFSET($C$16,0,U$14-1,$O$10))^0.5 -> 27.055499 | V19: =SUMXMY2(OFFSET($C$16,0,$O19-1,$O$10),OFFSET($C$16,0,V$14-1,$O$10))^0.5 -> 26.34388 | W19: =SUMXMY2(OFFSET($C$16,0,$O19-1,$O$10),OFFSET($C$16,0,W$14-1,$O$10))^0.5 -> 26.570661 | X19: =SUMXMY2(OFFSET($C$16,0,$O19-1,$O$10),OFFSET($C$16,0,X$14-1,$O$10))^0.5 -> 33.54102 | ... Z19: =SUMXMY2(OFFSET($C$16,0,$O19-1,$O$10),OFFSET($C$16,0,Z$14-1,$O$10))^0.5 -> 35.185224
B20: 5 | C20: 4 | D20: 5 | E20: 5 | F20: 3 | G20: 1 | H20: 1 | I20: 2 | J20: 8 | K20: 8 | L20: 5 | O20: 5 | P20: Rating of product 5 | Q20: =SUMXMY2(OFFSET($C$16,0,$O20-1,$O$10),OFFSET($C$16,0,Q$14-1,$O$10))^0.5 -> 28.354894 | R20: =SUMXMY2(OFFSET($C$16,0,$O20-1,$O$10),OFFSET($C$16,0,R$14-1,$O$10))^0.5 -> 27.440845 | S20: =SUMXMY2(OFFSET($C$16,0,$O20-1,$O$10),OFFSET($C$16,0,S$14-1,$O$10))^0.5 -> 27.073973 | T20: =SUMXMY2(OFFSET($C$16,0,$O20-1,$O$10),OFFSET($C$16,0,T$14-1,$O$10))^0.5 -> 27.055499 | U20: =SUMXMY2(OFFSET($C$16,0,$O20-1,$O$10),OFFSET($C$16,0,U$14-1,$O$10))^0.5 -> 0 | V20: =SUMXMY2(OFFSET($C$16,0,$O20-1,$O$10),OFFSET($C$16,0,V$14-1,$O$10))^0.5 -> 13.416408 | W20: =SUMXMY2(OFFSET($C$16,0,$O20-1,$O$10),OFFSET($C$16,0,W$14-1,$O$10))^0.5 -> 14.21267 | X20: =SUMXMY2(OFFSET($C$16,0,$O20-1,$O$10),OFFSET($C$16,0,X$14-1,$O$10))^0.5 -> 57.297469 | ... Z20: =SUMXMY2(OFFSET($C$16,0,$O20-1,$O$10),OFFSET($C$16,0,Z$14-1,$O$10))^0.5 -> 58.600341
B21: 6 | C21: 5 | D21: 3 | E21: 4 | F21: 5 | G21: 2 | H21: 3 | I21: 2 | J21: 8 | K21: 8 | L21: 8 | O21: 6 | P21: Rating of product 6 | Q21: =SUMXMY2(OFFSET($C$16,0,$O21-1,$O$10),OFFSET($C$16,0,Q$14-1,$O$10))^0.5 -> 27.313001 | R21: =SUMXMY2(OFFSET($C$16,0,$O21-1,$O$10),OFFSET($C$16,0,R$14-1,$O$10))^0.5 -> 26.627054 | S21: =SUMXMY2(OFFSET($C$16,0,$O21-1,$O$10),OFFSET($C$16,0,S$14-1,$O$10))^0.5 -> 25.980762 | T21: =SUMXMY2(OFFSET($C$16,0,$O21-1,$O$10),OFFSET($C$16,0,T$14-1,$O$10))^0.5 -> 26.34388 | U21: =SUMXMY2(OFFSET($C$16,0,$O21-1,$O$10),OFFSET($C$16,0,U$14-1,$O$10))^0.5 -> 13.416408 | V21: =SUMXMY2(OFFSET($C$16,0,$O21-1,$O$10),OFFSET($C$16,0,V$14-1,$O$10))^0.5 -> 0 | W21: =SUMXMY2(OFFSET($C$16,0,$O21-1,$O$10),OFFSET($C$16,0,W$14-1,$O$10))^0.5 -> 12 | X21: =SUMXMY2(OFFSET($C$16,0,$O21-1,$O$10),OFFSET($C$16,0,X$14-1,$O$10))^0.5 -> 55.973208 | ... Z21: =SUMXMY2(OFFSET($C$16,0,$O21-1,$O$10),OFFSET($C$16,0,Z$14-1,$O$10))^0.5 -> 57.480431
B22: 7 | C22: 3 | D22: 4 | E22: 4 | F22: 4 | G22: 1 | H22: 1 | I22: 1 | J22: 6 | K22: 5 | L22: 8 | O22: 7 | P22: Rating of product 7 | Q22: =SUMXMY2(OFFSET($C$16,0,$O22-1,$O$10),OFFSET($C$16,0,Q$14-1,$O$10))^0.5 -> 28.390139 | R22: =SUMXMY2(OFFSET($C$16,0,$O22-1,$O$10),OFFSET($C$16,0,R$14-1,$O$10))^0.5 -> 27.404379 | S22: =SUMXMY2(OFFSET($C$16,0,$O22-1,$O$10),OFFSET($C$16,0,S$14-1,$O$10))^0.5 -> 27.037012 | T22: =SUMXMY2(OFFSET($C$16,0,$O22-1,$O$10),OFFSET($C$16,0,T$14-1,$O$10))^0.5 -> 26.570661 | U22: =SUMXMY2(OFFSET($C$16,0,$O22-1,$O$10),OFFSET($C$16,0,U$14-1,$O$10))^0.5 -> 14.21267 | V22: =SUMXMY2(OFFSET($C$16,0,$O22-1,$O$10),OFFSET($C$16,0,V$14-1,$O$10))^0.5 -> 12 | W22: =SUMXMY2(OFFSET($C$16,0,$O22-1,$O$10),OFFSET($C$16,0,W$14-1,$O$10))^0.5 -> 0 | X22: =SUMXMY2(OFFSET($C$16,0,$O22-1,$O$10),OFFSET($C$16,0,X$14-1,$O$10))^0.5 -> 57.070132 | ... Z22: =SUMXMY2(OFFSET($C$16,0,$O22-1,$O$10),OFFSET($C$16,0,Z$14-1,$O$10))^0.5 -> 58.634461
B23: 8 | C23: 4 | D23: 4 | E23: 4 | F23: 3 | G23: 3 | H23: 1 | I23: 2 | J23: 7 | K23: 9 | L23: 7 | O23: 8 | P23: Rating of product 8 | Q23: =SUMXMY2(OFFSET($C$16,0,$O23-1,$O$10),OFFSET($C$16,0,Q$14-1,$O$10))^0.5 -> 32.572995 | R23: =SUMXMY2(OFFSET($C$16,0,$O23-1,$O$10),OFFSET($C$16,0,R$14-1,$O$10))^0.5 -> 34.146742 | S23: =SUMXMY2(OFFSET($C$16,0,$O23-1,$O$10),OFFSET($C$16,0,S$14-1,$O$10))^0.5 -> 33.105891 | T23: =SUMXMY2(OFFSET($C$16,0,$O23-1,$O$10),OFFSET($C$16,0,T$14-1,$O$10))^0.5 -> 33.54102 | U23: =SUMXMY2(OFFSET($C$16,0,$O23-1,$O$10),OFFSET($C$16,0,U$14-1,$O$10))^0.5 -> 57.297469 | V23: =SUMXMY2(OFFSET($C$16,0,$O23-1,$O$10),OFFSET($C$16,0,V$14-1,$O$10))^0.5 -> 55.973208 | W23: =SUMXMY2(OFFSET($C$16,0,$O23-1,$O$10),OFFSET($C$16,0,W$14-1,$O$10))^0.5 -> 57.070132 | X23: =SUMXMY2(OFFSET($C$16,0,$O23-1,$O$10),OFFSET($C$16,0,X$14-1,$O$10))^0.5 -> 0 | ... Z23: =SUMXMY2(OFFSET($C$16,0,$O23-1,$O$10),OFFSET($C$16,0,Z$14-1,$O$10))^0.5 -> 19
B24: 9 | C24: 3 | D24: 4 | E24: 3 | F24: 5 | G24: 0 | H24: 1 | I24: 2 | J24: 8 | K24: 7 | L24: 5 | O24: 9 | P24: Rating of product 9 | Q24: =SUMXMY2(OFFSET($C$16,0,$O24-1,$O$10),OFFSET($C$16,0,Q$14-1,$O$10))^0.5 -> 32.726136 | R24: =SUMXMY2(OFFSET($C$16,0,$O24-1,$O$10),OFFSET($C$16,0,R$14-1,$O$10))^0.5 -> 34.322005 | S24: =SUMXMY2(OFFSET($C$16,0,$O24-1,$O$10),OFFSET($C$16,0,S$14-1,$O$10))^0.5 -> 33.941125 | T24: =SUMXMY2(OFFSET($C$16,0,$O24-1,$O$10),OFFSET($C$16,0,T$14-1,$O$10))^0.5 -> 33.600595 | U24: =SUMXMY2(OFFSET($C$16,0,$O24-1,$O$10),OFFSET($C$16,0,U$14-1,$O$10))^0.5 -> 57.489129 | V24: =SUMXMY2(OFFSET($C$16,0,$O24-1,$O$10),OFFSET($C$16,0,V$14-1,$O$10))^0.5 -> 56.753854 | W24: =SUMXMY2(OFFSET($C$16,0,$O24-1,$O$10),OFFSET($C$16,0,W$14-1,$O$10))^0.5 -> 57.766772 | X24: =SUMXMY2(OFFSET($C$16,0,$O24-1,$O$10),OFFSET($C$16,0,X$14-1,$O$10))^0.5 -> 17.262677 | ... Z24: =SUMXMY2(OFFSET($C$16,0,$O24-1,$O$10),OFFSET($C$16,0,Z$14-1,$O$10))^0.5 -> 20.124612
B25: 10 | C25: 5 | D25: 4 | E25: 5 | F25: 3 | G25: 1 | H25: 2 | I25: 3 | J25: 8 | K25: 7 | L25: 8 | O25: 10 | P25: Rating of product 10 | Q25: =SUMXMY2(OFFSET($C$16,0,$O25-1,$O$10),OFFSET($C$16,0,Q$14-1,$O$10))^0.5 -> 34.842503 | R25: =SUMXMY2(OFFSET($C$16,0,$O25-1,$O$10),OFFSET($C$16,0,R$14-1,$O$10))^0.5 -> 35.566838 | S25: =SUMXMY2(OFFSET($C$16,0,$O25-1,$O$10),OFFSET($C$16,0,S$14-1,$O$10))^0.5 -> 34.94281 | T25: =SUMXMY2(OFFSET($C$16,0,$O25-1,$O$10),OFFSET($C$16,0,T$14-1,$O$10))^0.5 -> 35.185224 | U25: =SUMXMY2(OFFSET($C$16,0,$O25-1,$O$10),OFFSET($C$16,0,U$14-1,$O$10))^0.5 -> 58.600341 | V25: =SUMXMY2(OFFSET($C$16,0,$O25-1,$O$10),OFFSET($C$16,0,V$14-1,$O$10))^0.5 -> 57.480431 | W25: =SUMXMY2(OFFSET($C$16,0,$O25-1,$O$10),OFFSET($C$16,0,W$14-1,$O$10))^0.5 -> 58.634461 | X25: =SUMXMY2(OFFSET($C$16,0,$O25-1,$O$10),OFFSET($C$16,0,X$14-1,$O$10))^0.5 -> 19 | ... Z25: =SUMXMY2(OFFSET($C$16,0,$O25-1,$O$10),OFFSET($C$16,0,Z$14-1,$O$10))^0.5 -> 0
B26: 11 | C26: 5 | D26: 5 | E26: 5 | F26: 5 | G26: 1 | H26: 2 | I26: 3 | J26: 8 | K26: 6 | L26: 8
B27: 12 | C27: 3 | D27: 3 | E27: 4 | F27: 4 | G27: 1 | H27: 2 | I27: 1 | J27: 7 | K27: 8 | L27: 9
B28: 13 | C28: 5 | D28: 4 | E28: 4 | F28: 5 | G28: 1 | H28: 1 | I28: 3 | J28: 7 | K28: 8 | L28: 8 | O28: Stage 3 | P28: Prepare the coordinates of a new space
B29: 14 | C29: 3 | D29: 4 | E29: 3 | F29: 3 | G29: 1 | H29: 2 | I29: 1 | J29: 6 | K29: 5 | L29: 8 | P29: The initial values of x and y are (arbitrary) assumed and then optimized
B30: 15 | C30: 4 | D30: 4 | E30: 4 | F30: 4 | G30: 1 | H30: 3 | I30: 2 | J30: 8 | K30: 8 | L30: 7
B31: 16 | C31: 3 | D31: 3 | E31: 4 | F31: 4 | G31: 3 | H31: 1 | I31: 0 | J31: 6 | K31: 6 | L31: 7 | Q31: X | R31: Y
B32: 17 | C32: 4 | D32: 3 | E32: 4 | F32: 5 | G32: 2 | H32: 1 | I32: 3 | J32: 7 | K32: 7 | L32: 7 | P32: Rating of product 1 | Q32: 2.8742367 | R32: 28.569806
B33: 18 | C33: 3 | D33: 4 | E33: 3 | F33: 4 | G33: 1 | H33: 1 | I33: 1 | J33: 8 | K33: 8 | L33: 8 | P33: Rating of product 2 | Q33: 6.2022402 | R33: 25.937321
B34: 19 | C34: 5 | D34: 3 | E34: 4 | F34: 4 | G34: 0 | H34: 1 | I34: 0 | J34: 7 | K34: 8 | L34: 5 | P34: Rating of product 3 | Q34: 15.64671 | R34: 26.819954
B35: 20 | C35: 4 | D35: 3 | E35: 3 | F35: 4 | G35: 2 | H35: 2 | I35: 2 | J35: 6 | K35: 5 | L35: 8 | P35: Rating of product 4 | Q35: 10.899502 | R35: 27.110412
B36: 21 | C36: 5 | D36: 5 | E36: 4 | F36: 3 | G36: 0 | H36: 1 | I36: 0 | J36: 8 | K36: 5 | L36: 7 | P36: Rating of product 5 | Q36: 1.3498634 | R36: 1.795721
B37: 22 | C37: 4 | D37: 3 | E37: 4 | F37: 3 | G37: 1 | H37: 3 | I37: 0 | J37: 8 | K37: 9 | L37: 5 | P37: Rating of product 6 | Q37: 10.555103 | R37: 1.8032396
B38: 23 | C38: 4 | D38: 5 | E38: 5 | F38: 4 | G38: 1 | H38: 3 | I38: 3 | J38: 7 | K38: 8 | L38: 6 | P38: Rating of product 7 | Q38: 18.270279 | R38: 1.9160219
B39: 24 | C39: 3 | D39: 4 | E39: 4 | F39: 3 | G39: 0 | H39: 3 | I39: 2 | J39: 9 | K39: 6 | L39: 8 | P39: Rating of product 8 | Q39: 0 | R39: 58.10375
B40: 25 | C40: 5 | D40: 4 | E40: 4 | F40: 4 | G40: 0 | H40: 1 | I40: 2 | J40: 7 | K40: 8 | L40: 5 | P40: Rating of product 9 | Q40: 10.626119 | R40: 59.920057
B41: 26 | C41: 4 | D41: 3 | E41: 4 | F41: 4 | G41: 1 | H41: 2 | I41: 2 | J41: 9 | K41: 6 | L41: 9 | P41: Rating of product 10 | Q41: 24.191326 | R41: 58.207482
B42: 27 | C42: 4 | D42: 4 | E42: 4 | F42: 4 | G42: 2 | H42: 1 | I42: 2 | J42: 8 | K42: 6 | L42: 8
B43: 28 | C43: 5 | D43: 3 | E43: 4 | F43: 4 | G43: 1 | H43: 2 | I43: 1 | J43: 9 | K43: 7 | L43: 9
B44: 29 | C44: 4 | D44: 3 | E44: 4 | F44: 4 | G44: 2 | H44: 3 | I44: 1 | J44: 8 | K44: 8 | L44: 5 | O44: Stage 4 | P44: Determining the theoretical distance (between coordinates)
B45: 30 | C45: 4 | D45: 4 | E45: 4 | F45: 4 | G45: 3 | H45: 3 | I45: 1 | J45: 6 | K45: 7 | L45: 7 | P45: Also using the Euclidean distance
B46: 31 | C46: 3 | D46: 4 | E46: 5 | F46: 5 | G46: 2 | H46: 3 | I46: 3 | J46: 7 | K46: 5 | L46: 9 | P46: A distance matrix is defined between pairs of coordinates.
B47: 32 | C47: 3 | D47: 5 | E47: 4 | F47: 4 | G47: 2 | H47: 1 | I47: 1 | J47: 6 | K47: 9 | L47: 6 | P47: Operations: Copy the formula down for the specified rigid coordinate pair
B48: 33 | C48: 5 | D48: 4 | E48: 5 | F48: 4 | G48: 2 | H48: 0 | I48: 0 | J48: 8 | K48: 8 | L48: 7 | P48: In the first column there are pairs: 1: 1, 1: 2; 1: 3, 1: 4 ...
B49: 34 | C49: 4 | D49: 4 | E49: 3 | F49: 5 | G49: 1 | H49: 0 | I49: 0 | J49: 7 | K49: 8 | L49: 7 | P49: In the second column there are pairs: 2: 1, 2: 2, 2: 3 ...
B50: 35 | C50: 5 | D50: 4 | E50: 4 | F50: 4 | G50: 0 | H50: 2 | I50: 1 | J50: 6 | K50: 7 | L50: 7 | P50: To be correct the diagonal are 0
B51: 36 | C51: 5 | D51: 5 | E51: 5 | F51: 3 | G51: 1 | H51: 1 | I51: 0 | J51: 6 | K51: 5 | L51: 8
B52: 37 | C52: 3 | D52: 3 | E52: 3 | F52: 4 | G52: 1 | H52: 2 | I52: 1 | J52: 5 | K52: 6 | L52: 9 | O52: A matrix of the theoretical distance dij
B53: 38 | C53: 3 | D53: 4 | E53: 4 | F53: 4 | G53: 0 | H53: 1 | I53: 3 | J53: 8 | K53: 7 | L53: 5 | Q53: 1 | R53: 2 | S53: 3 | T53: 4 | U53: 5 | V53: 6 | W53: 7 | X53: 8 | Y53: 9 | Z53: 10
B54: 39 | C54: 3 | D54: 5 | E54: 4 | F54: 3 | G54: 1 | H54: 3 | I54: 3 | J54: 8 | K54: 6 | L54: 8 | Q54: Rating of product 1 | R54: Rating of product 2 | S54: Rating of product 3 | T54: Rating of product 4 | U54: Rating of product 5 | V54: Rating of product 6 | W54: Rating of product 7 | X54: Rating of product 8 | Y54: Rating of product 9 | Z54: Rating of product 10
B55: 40 | C55: 4 | D55: 4 | E55: 3 | F55: 5 | G55: 2 | H55: 3 | I55: 1 | J55: 8 | K55: 6 | L55: 7 | O55: 1 | P55: Rating of product 1 | Q55: =SQRT((OFFSET($Q$32,Q$53-1,0)-OFFSET($Q$32,$O55-1,0))^2+(OFFSET($R$32,Q$53-1,0)-OFFSET($R$32,$O55-1,0))^2) -> 0 | R55: =SQRT((OFFSET($Q$32,R$53-1,0)-OFFSET($Q$32,$O55-1,0))^2+(OFFSET($R$32,R$53-1,0)-OFFSET($R$32,$O55-1,0))^2) -> 4.2432988 | S55: =SQRT((OFFSET($Q$32,S$53-1,0)-OFFSET($Q$32,$O55-1,0))^2+(OFFSET($R$32,S$53-1,0)-OFFSET($R$32,$O55-1,0))^2) -> 12.891782 | T55: =SQRT((OFFSET($Q$32,T$53-1,0)-OFFSET($Q$32,$O55-1,0))^2+(OFFSET($R$32,T$53-1,0)-OFFSET($R$32,$O55-1,0))^2) -> 8.1568818 | U55: =SQRT((OFFSET($Q$32,U$53-1,0)-OFFSET($Q$32,$O55-1,0))^2+(OFFSET($R$32,U$53-1,0)-OFFSET($R$32,$O55-1,0))^2) -> 26.817445 | V55: =SQRT((OFFSET($Q$32,V$53-1,0)-OFFSET($Q$32,$O55-1,0))^2+(OFFSET($R$32,V$53-1,0)-OFFSET($R$32,$O55-1,0))^2) -> 27.846809 | W55: =SQRT((OFFSET($Q$32,W$53-1,0)-OFFSET($Q$32,$O55-1,0))^2+(OFFSET($R$32,W$53-1,0)-OFFSET($R$32,$O55-1,0))^2) -> 30.780876 | X55: =SQRT((OFFSET($Q$32,X$53-1,0)-OFFSET($Q$32,$O55-1,0))^2+(OFFSET($R$32,X$53-1,0)-OFFSET($R$32,$O55-1,0))^2) -> 29.673474 | ... Z55: =SQRT((OFFSET($Q$32,Z$53-1,0)-OFFSET($Q$32,$O55-1,0))^2+(OFFSET($R$32,Z$53-1,0)-OFFSET($R$32,$O55-1,0))^2) -> 36.507672
B56: 41 | C56: 4 | D56: 4 | E56: 3 | F56: 4 | G56: 2 | H56: 1 | I56: 0 | J56: 9 | K56: 8 | L56: 8 | O56: 2 | P56: Rating of product 2 | Q56: =SQRT((OFFSET($Q$32,Q$53-1,0)-OFFSET($Q$32,$O56-1,0))^2+(OFFSET($R$32,Q$53-1,0)-OFFSET($R$32,$O56-1,0))^2) -> 4.2432988 | R56: =SQRT((OFFSET($Q$32,R$53-1,0)-OFFSET($Q$32,$O56-1,0))^2+(OFFSET($R$32,R$53-1,0)-OFFSET($R$32,$O56-1,0))^2) -> 0 | S56: =SQRT((OFFSET($Q$32,S$53-1,0)-OFFSET($Q$32,$O56-1,0))^2+(OFFSET($R$32,S$53-1,0)-OFFSET($R$32,$O56-1,0))^2) -> 9.485623 | T56: =SQRT((OFFSET($Q$32,T$53-1,0)-OFFSET($Q$32,$O56-1,0))^2+(OFFSET($R$32,T$53-1,0)-OFFSET($R$32,$O56-1,0))^2) -> 4.8415303 | U56: =SQRT((OFFSET($Q$32,U$53-1,0)-OFFSET($Q$32,$O56-1,0))^2+(OFFSET($R$32,U$53-1,0)-OFFSET($R$32,$O56-1,0))^2) -> 24.624427 | V56: =SQRT((OFFSET($Q$32,V$53-1,0)-OFFSET($Q$32,$O56-1,0))^2+(OFFSET($R$32,V$53-1,0)-OFFSET($R$32,$O56-1,0))^2) -> 24.523484 | W56: =SQRT((OFFSET($Q$32,W$53-1,0)-OFFSET($Q$32,$O56-1,0))^2+(OFFSET($R$32,W$53-1,0)-OFFSET($R$32,$O56-1,0))^2) -> 26.882343 | X56: =SQRT((OFFSET($Q$32,X$53-1,0)-OFFSET($Q$32,$O56-1,0))^2+(OFFSET($R$32,X$53-1,0)-OFFSET($R$32,$O56-1,0))^2) -> 32.758921 | ... Z56: =SQRT((OFFSET($Q$32,Z$53-1,0)-OFFSET($Q$32,$O56-1,0))^2+(OFFSET($R$32,Z$53-1,0)-OFFSET($R$32,$O56-1,0))^2) -> 36.945507
B57: 42 | C57: 3 | D57: 4 | E57: 3 | F57: 4 | G57: 1 | H57: 1 | I57: 0 | J57: 7 | K57: 8 | L57: 9 | O57: 3 | P57: Rating of product 3 | Q57: =SQRT((OFFSET($Q$32,Q$53-1,0)-OFFSET($Q$32,$O57-1,0))^2+(OFFSET($R$32,Q$53-1,0)-OFFSET($R$32,$O57-1,0))^2) -> 12.891782 | R57: =SQRT((OFFSET($Q$32,R$53-1,0)-OFFSET($Q$32,$O57-1,0))^2+(OFFSET($R$32,R$53-1,0)-OFFSET($R$32,$O57-1,0))^2) -> 9.485623 | S57: =SQRT((OFFSET($Q$32,S$53-1,0)-OFFSET($Q$32,$O57-1,0))^2+(OFFSET($R$32,S$53-1,0)-OFFSET($R$32,$O57-1,0))^2) -> 0 | T57: =SQRT((OFFSET($Q$32,T$53-1,0)-OFFSET($Q$32,$O57-1,0))^2+(OFFSET($R$32,T$53-1,0)-OFFSET($R$32,$O57-1,0))^2) -> 4.7560847 | U57: =SQRT((OFFSET($Q$32,U$53-1,0)-OFFSET($Q$32,$O57-1,0))^2+(OFFSET($R$32,U$53-1,0)-OFFSET($R$32,$O57-1,0))^2) -> 28.820341 | V57: =SQRT((OFFSET($Q$32,V$53-1,0)-OFFSET($Q$32,$O57-1,0))^2+(OFFSET($R$32,V$53-1,0)-OFFSET($R$32,$O57-1,0))^2) -> 25.5296 | W57: =SQRT((OFFSET($Q$32,W$53-1,0)-OFFSET($Q$32,$O57-1,0))^2+(OFFSET($R$32,W$53-1,0)-OFFSET($R$32,$O57-1,0))^2) -> 25.041744 | X57: =SQRT((OFFSET($Q$32,X$53-1,0)-OFFSET($Q$32,$O57-1,0))^2+(OFFSET($R$32,X$53-1,0)-OFFSET($R$32,$O57-1,0))^2) -> 34.978499 | ... Z57: =SQRT((OFFSET($Q$32,Z$53-1,0)-OFFSET($Q$32,$O57-1,0))^2+(OFFSET($R$32,Z$53-1,0)-OFFSET($R$32,$O57-1,0))^2) -> 32.529792
B58: 43 | C58: 4 | D58: 5 | E58: 4 | F58: 3 | G58: 0 | H58: 3 | I58: 2 | J58: 5 | K58: 8 | L58: 8 | O58: 4 | P58: Rating of product 4 | Q58: =SQRT((OFFSET($Q$32,Q$53-1,0)-OFFSET($Q$32,$O58-1,0))^2+(OFFSET($R$32,Q$53-1,0)-OFFSET($R$32,$O58-1,0))^2) -> 8.1568818 | R58: =SQRT((OFFSET($Q$32,R$53-1,0)-OFFSET($Q$32,$O58-1,0))^2+(OFFSET($R$32,R$53-1,0)-OFFSET($R$32,$O58-1,0))^2) -> 4.8415303 | S58: =SQRT((OFFSET($Q$32,S$53-1,0)-OFFSET($Q$32,$O58-1,0))^2+(OFFSET($R$32,S$53-1,0)-OFFSET($R$32,$O58-1,0))^2) -> 4.7560847 | T58: =SQRT((OFFSET($Q$32,T$53-1,0)-OFFSET($Q$32,$O58-1,0))^2+(OFFSET($R$32,T$53-1,0)-OFFSET($R$32,$O58-1,0))^2) -> 0 | U58: =SQRT((OFFSET($Q$32,U$53-1,0)-OFFSET($Q$32,$O58-1,0))^2+(OFFSET($R$32,U$53-1,0)-OFFSET($R$32,$O58-1,0))^2) -> 27.056038 | V58: =SQRT((OFFSET($Q$32,V$53-1,0)-OFFSET($Q$32,$O58-1,0))^2+(OFFSET($R$32,V$53-1,0)-OFFSET($R$32,$O58-1,0))^2) -> 25.309516 | W58: =SQRT((OFFSET($Q$32,W$53-1,0)-OFFSET($Q$32,$O58-1,0))^2+(OFFSET($R$32,W$53-1,0)-OFFSET($R$32,$O58-1,0))^2) -> 26.250441 | X58: =SQRT((OFFSET($Q$32,X$53-1,0)-OFFSET($Q$32,$O58-1,0))^2+(OFFSET($R$32,X$53-1,0)-OFFSET($R$32,$O58-1,0))^2) -> 32.854012 | ... Z58: =SQRT((OFFSET($Q$32,Z$53-1,0)-OFFSET($Q$32,$O58-1,0))^2+(OFFSET($R$32,Z$53-1,0)-OFFSET($R$32,$O58-1,0))^2) -> 33.818639
B59: 44 | C59: 3 | D59: 4 | E59: 4 | F59: 3 | G59: 3 | H59: 2 | I59: 1 | J59: 6 | K59: 7 | L59: 5 | O59: 5 | P59: Rating of product 5 | Q59: =SQRT((OFFSET($Q$32,Q$53-1,0)-OFFSET($Q$32,$O59-1,0))^2+(OFFSET($R$32,Q$53-1,0)-OFFSET($R$32,$O59-1,0))^2) -> 26.817445 | R59: =SQRT((OFFSET($Q$32,R$53-1,0)-OFFSET($Q$32,$O59-1,0))^2+(OFFSET($R$32,R$53-1,0)-OFFSET($R$32,$O59-1,0))^2) -> 24.624427 | S59: =SQRT((OFFSET($Q$32,S$53-1,0)-OFFSET($Q$32,$O59-1,0))^2+(OFFSET($R$32,S$53-1,0)-OFFSET($R$32,$O59-1,0))^2) -> 28.820341 | T59: =SQRT((OFFSET($Q$32,T$53-1,0)-OFFSET($Q$32,$O59-1,0))^2+(OFFSET($R$32,T$53-1,0)-OFFSET($R$32,$O59-1,0))^2) -> 27.056038 | U59: =SQRT((OFFSET($Q$32,U$53-1,0)-OFFSET($Q$32,$O59-1,0))^2+(OFFSET($R$32,U$53-1,0)-OFFSET($R$32,$O59-1,0))^2) -> 0 | V59: =SQRT((OFFSET($Q$32,V$53-1,0)-OFFSET($Q$32,$O59-1,0))^2+(OFFSET($R$32,V$53-1,0)-OFFSET($R$32,$O59-1,0))^2) -> 9.2052422 | W59: =SQRT((OFFSET($Q$32,W$53-1,0)-OFFSET($Q$32,$O59-1,0))^2+(OFFSET($R$32,W$53-1,0)-OFFSET($R$32,$O59-1,0))^2) -> 16.920843 | X59: =SQRT((OFFSET($Q$32,X$53-1,0)-OFFSET($Q$32,$O59-1,0))^2+(OFFSET($R$32,X$53-1,0)-OFFSET($R$32,$O59-1,0))^2) -> 56.324206 | ... Z59: =SQRT((OFFSET($Q$32,Z$53-1,0)-OFFSET($Q$32,$O59-1,0))^2+(OFFSET($R$32,Z$53-1,0)-OFFSET($R$32,$O59-1,0))^2) -> 60.860654
B60: 45 | C60: 5 | D60: 5 | E60: 3 | F60: 4 | G60: 2 | H60: 1 | I60: 0 | J60: 5 | K60: 5 | L60: 9 | O60: 6 | P60: Rating of product 6 | Q60: =SQRT((OFFSET($Q$32,Q$53-1,0)-OFFSET($Q$32,$O60-1,0))^2+(OFFSET($R$32,Q$53-1,0)-OFFSET($R$32,$O60-1,0))^2) -> 27.846809 | R60: =SQRT((OFFSET($Q$32,R$53-1,0)-OFFSET($Q$32,$O60-1,0))^2+(OFFSET($R$32,R$53-1,0)-OFFSET($R$32,$O60-1,0))^2) -> 24.523484 | S60: =SQRT((OFFSET($Q$32,S$53-1,0)-OFFSET($Q$32,$O60-1,0))^2+(OFFSET($R$32,S$53-1,0)-OFFSET($R$32,$O60-1,0))^2) -> 25.5296 | T60: =SQRT((OFFSET($Q$32,T$53-1,0)-OFFSET($Q$32,$O60-1,0))^2+(OFFSET($R$32,T$53-1,0)-OFFSET($R$32,$O60-1,0))^2) -> 25.309516 | U60: =SQRT((OFFSET($Q$32,U$53-1,0)-OFFSET($Q$32,$O60-1,0))^2+(OFFSET($R$32,U$53-1,0)-OFFSET($R$32,$O60-1,0))^2) -> 9.2052422 | V60: =SQRT((OFFSET($Q$32,V$53-1,0)-OFFSET($Q$32,$O60-1,0))^2+(OFFSET($R$32,V$53-1,0)-OFFSET($R$32,$O60-1,0))^2) -> 0 | W60: =SQRT((OFFSET($Q$32,W$53-1,0)-OFFSET($Q$32,$O60-1,0))^2+(OFFSET($R$32,W$53-1,0)-OFFSET($R$32,$O60-1,0))^2) -> 7.7160003 | X60: =SQRT((OFFSET($Q$32,X$53-1,0)-OFFSET($Q$32,$O60-1,0))^2+(OFFSET($R$32,X$53-1,0)-OFFSET($R$32,$O60-1,0))^2) -> 57.28139 | ... Z60: =SQRT((OFFSET($Q$32,Z$53-1,0)-OFFSET($Q$32,$O60-1,0))^2+(OFFSET($R$32,Z$53-1,0)-OFFSET($R$32,$O60-1,0))^2) -> 58.029175
B61: 46 | C61: 3 | D61: 3 | E61: 4 | F61: 4 | G61: 2 | H61: 2 | I61: 2 | J61: 8 | K61: 6 | L61: 6 | O61: 7 | P61: Rating of product 7 | Q61: =SQRT((OFFSET($Q$32,Q$53-1,0)-OFFSET($Q$32,$O61-1,0))^2+(OFFSET($R$32,Q$53-1,0)-OFFSET($R$32,$O61-1,0))^2) -> 30.780876 | R61: =SQRT((OFFSET($Q$32,R$53-1,0)-OFFSET($Q$32,$O61-1,0))^2+(OFFSET($R$32,R$53-1,0)-OFFSET($R$32,$O61-1,0))^2) -> 26.882343 | S61: =SQRT((OFFSET($Q$32,S$53-1,0)-OFFSET($Q$32,$O61-1,0))^2+(OFFSET($R$32,S$53-1,0)-OFFSET($R$32,$O61-1,0))^2) -> 25.041744 | T61: =SQRT((OFFSET($Q$32,T$53-1,0)-OFFSET($Q$32,$O61-1,0))^2+(OFFSET($R$32,T$53-1,0)-OFFSET($R$32,$O61-1,0))^2) -> 26.250441 | U61: =SQRT((OFFSET($Q$32,U$53-1,0)-OFFSET($Q$32,$O61-1,0))^2+(OFFSET($R$32,U$53-1,0)-OFFSET($R$32,$O61-1,0))^2) -> 16.920843 | V61: =SQRT((OFFSET($Q$32,V$53-1,0)-OFFSET($Q$32,$O61-1,0))^2+(OFFSET($R$32,V$53-1,0)-OFFSET($R$32,$O61-1,0))^2) -> 7.7160003 | W61: =SQRT((OFFSET($Q$32,W$53-1,0)-OFFSET($Q$32,$O61-1,0))^2+(OFFSET($R$32,W$53-1,0)-OFFSET($R$32,$O61-1,0))^2) -> 0 | X61: =SQRT((OFFSET($Q$32,X$53-1,0)-OFFSET($Q$32,$O61-1,0))^2+(OFFSET($R$32,X$53-1,0)-OFFSET($R$32,$O61-1,0))^2) -> 59.083533 | ... Z61: =SQRT((OFFSET($Q$32,Z$53-1,0)-OFFSET($Q$32,$O61-1,0))^2+(OFFSET($R$32,Z$53-1,0)-OFFSET($R$32,$O61-1,0))^2) -> 56.602008
B62: 47 | C62: 3 | D62: 5 | E62: 4 | F62: 4 | G62: 2 | H62: 2 | I62: 2 | J62: 5 | K62: 7 | L62: 8 | O62: 8 | P62: Rating of product 8 | Q62: =SQRT((OFFSET($Q$32,Q$53-1,0)-OFFSET($Q$32,$O62-1,0))^2+(OFFSET($R$32,Q$53-1,0)-OFFSET($R$32,$O62-1,0))^2) -> 29.673474 | R62: =SQRT((OFFSET($Q$32,R$53-1,0)-OFFSET($Q$32,$O62-1,0))^2+(OFFSET($R$32,R$53-1,0)-OFFSET($R$32,$O62-1,0))^2) -> 32.758921 | S62: =SQRT((OFFSET($Q$32,S$53-1,0)-OFFSET($Q$32,$O62-1,0))^2+(OFFSET($R$32,S$53-1,0)-OFFSET($R$32,$O62-1,0))^2) -> 34.978499 | T62: =SQRT((OFFSET($Q$32,T$53-1,0)-OFFSET($Q$32,$O62-1,0))^2+(OFFSET($R$32,T$53-1,0)-OFFSET($R$32,$O62-1,0))^2) -> 32.854012 | U62: =SQRT((OFFSET($Q$32,U$53-1,0)-OFFSET($Q$32,$O62-1,0))^2+(OFFSET($R$32,U$53-1,0)-OFFSET($R$32,$O62-1,0))^2) -> 56.324206 | V62: =SQRT((OFFSET($Q$32,V$53-1,0)-OFFSET($Q$32,$O62-1,0))^2+(OFFSET($R$32,V$53-1,0)-OFFSET($R$32,$O62-1,0))^2) -> 57.28139 | W62: =SQRT((OFFSET($Q$32,W$53-1,0)-OFFSET($Q$32,$O62-1,0))^2+(OFFSET($R$32,W$53-1,0)-OFFSET($R$32,$O62-1,0))^2) -> 59.083533 | X62: =SQRT((OFFSET($Q$32,X$53-1,0)-OFFSET($Q$32,$O62-1,0))^2+(OFFSET($R$32,X$53-1,0)-OFFSET($R$32,$O62-1,0))^2) -> 0 | ... Z62: =SQRT((OFFSET($Q$32,Z$53-1,0)-OFFSET($Q$32,$O62-1,0))^2+(OFFSET($R$32,Z$53-1,0)-OFFSET($R$32,$O62-1,0))^2) -> 24.191548
B63: 48 | C63: 5 | D63: 5 | E63: 4 | F63: 5 | G63: 1 | H63: 2 | I63: 2 | J63: 6 | K63: 9 | L63: 6 | O63: 9 | P63: Rating of product 9 | Q63: =SQRT((OFFSET($Q$32,Q$53-1,0)-OFFSET($Q$32,$O63-1,0))^2+(OFFSET($R$32,Q$53-1,0)-OFFSET($R$32,$O63-1,0))^2) -> 32.294426 | R63: =SQRT((OFFSET($Q$32,R$53-1,0)-OFFSET($Q$32,$O63-1,0))^2+(OFFSET($R$32,R$53-1,0)-OFFSET($R$32,$O63-1,0))^2) -> 34.269477 | S63: =SQRT((OFFSET($Q$32,S$53-1,0)-OFFSET($Q$32,$O63-1,0))^2+(OFFSET($R$32,S$53-1,0)-OFFSET($R$32,$O63-1,0))^2) -> 33.478697 | T63: =SQRT((OFFSET($Q$32,T$53-1,0)-OFFSET($Q$32,$O63-1,0))^2+(OFFSET($R$32,T$53-1,0)-OFFSET($R$32,$O63-1,0))^2) -> 32.810784 | U63: =SQRT((OFFSET($Q$32,U$53-1,0)-OFFSET($Q$32,$O63-1,0))^2+(OFFSET($R$32,U$53-1,0)-OFFSET($R$32,$O63-1,0))^2) -> 58.859896 | V63: =SQRT((OFFSET($Q$32,V$53-1,0)-OFFSET($Q$32,$O63-1,0))^2+(OFFSET($R$32,V$53-1,0)-OFFSET($R$32,$O63-1,0))^2) -> 58.116861 | W63: =SQRT((OFFSET($Q$32,W$53-1,0)-OFFSET($Q$32,$O63-1,0))^2+(OFFSET($R$32,W$53-1,0)-OFFSET($R$32,$O63-1,0))^2) -> 58.505566 | X63: =SQRT((OFFSET($Q$32,X$53-1,0)-OFFSET($Q$32,$O63-1,0))^2+(OFFSET($R$32,X$53-1,0)-OFFSET($R$32,$O63-1,0))^2) -> 10.780231 | ... Z63: =SQRT((OFFSET($Q$32,Z$53-1,0)-OFFSET($Q$32,$O63-1,0))^2+(OFFSET($R$32,Z$53-1,0)-OFFSET($R$32,$O63-1,0))^2) -> 13.672883
B64: 49 | C64: 4 | D64: 5 | E64: 3 | F64: 4 | G64: 3 | H64: 2 | I64: 2 | J64: 5 | K64: 7 | L64: 6 | O64: 10 | P64: Rating of product 10 | Q64: =SQRT((OFFSET($Q$32,Q$53-1,0)-OFFSET($Q$32,$O64-1,0))^2+(OFFSET($R$32,Q$53-1,0)-OFFSET($R$32,$O64-1,0))^2) -> 36.507672 | R64: =SQRT((OFFSET($Q$32,R$53-1,0)-OFFSET($Q$32,$O64-1,0))^2+(OFFSET($R$32,R$53-1,0)-OFFSET($R$32,$O64-1,0))^2) -> 36.945507 | S64: =SQRT((OFFSET($Q$32,S$53-1,0)-OFFSET($Q$32,$O64-1,0))^2+(OFFSET($R$32,S$53-1,0)-OFFSET($R$32,$O64-1,0))^2) -> 32.529792 | T64: =SQRT((OFFSET($Q$32,T$53-1,0)-OFFSET($Q$32,$O64-1,0))^2+(OFFSET($R$32,T$53-1,0)-OFFSET($R$32,$O64-1,0))^2) -> 33.818639 | U64: =SQRT((OFFSET($Q$32,U$53-1,0)-OFFSET($Q$32,$O64-1,0))^2+(OFFSET($R$32,U$53-1,0)-OFFSET($R$32,$O64-1,0))^2) -> 60.860654 | V64: =SQRT((OFFSET($Q$32,V$53-1,0)-OFFSET($Q$32,$O64-1,0))^2+(OFFSET($R$32,V$53-1,0)-OFFSET($R$32,$O64-1,0))^2) -> 58.029175 | W64: =SQRT((OFFSET($Q$32,W$53-1,0)-OFFSET($Q$32,$O64-1,0))^2+(OFFSET($R$32,W$53-1,0)-OFFSET($R$32,$O64-1,0))^2) -> 56.602008 | X64: =SQRT((OFFSET($Q$32,X$53-1,0)-OFFSET($Q$32,$O64-1,0))^2+(OFFSET($R$32,X$53-1,0)-OFFSET($R$32,$O64-1,0))^2) -> 24.191548 | ... Z64: =SQRT((OFFSET($Q$32,Z$53-1,0)-OFFSET($Q$32,$O64-1,0))^2+(OFFSET($R$32,Z$53-1,0)-OFFSET($R$32,$O64-1,0))^2) -> 0
B65: 50 | C65: 5 | D65: 3 | E65: 5 | F65: 4 | G65: 3 | H65: 2 | I65: 2 | J65: 9 | K65: 7 | L65: 8
B66: 51 | C66: 3 | D66: 4 | E66: 3 | F66: 4 | G66: 0 | H66: 2 | I66: 3 | J66: 6 | K66: 8 | L66: 7 | O66: Stage 5 | P66: Determining the STRESS function (standardised difference of distances)
B67: 52 | C67: 3 | D67: 3 | E67: 3 | F67: 4 | G67: 2 | H67: 2 | I67: 1 | J67: 8 | K67: 6 | L67: 6
B68: 53 | C68: 4 | D68: 5 | E68: 5 | F68: 5 | G68: 3 | H68: 0 | I68: 1 | J68: 5 | K68: 9 | L68: 8 | S68: counter | T68: =SUM(Q76:Z85) -> 683.97912
B69: 54 | C69: 5 | D69: 3 | E69: 5 | F69: 4 | G69: 2 | H69: 3 | I69: 1 | J69: 6 | K69: 8 | L69: 6 | S69: nominator | T69: =SUM(AC76:AL85) -> 109300
B70: 55 | C70: 4 | D70: 3 | E70: 4 | F70: 5 | G70: 3 | H70: 2 | I70: 3 | J70: 6 | K70: 8 | L70: 7 | S70: STRESS | T70: =SQRT(T68/T69) -> 0.079106349 | V70: <- should be minimized by changing the coordinates
B71: 56 | C71: 4 | D71: 4 | E71: 4 | F71: 4 | G71: 1 | H71: 0 | I71: 1 | J71: 9 | K71: 5 | L71: 8
B72: 57 | C72: 3 | D72: 4 | E72: 4 | F72: 3 | G72: 2 | H72: 2 | I72: 2 | J72: 8 | K72: 8 | L72: 9
B73: 58 | C73: 4 | D73: 5 | E73: 3 | F73: 5 | G73: 2 | H73: 1 | I73: 2 | J73: 7 | K73: 8 | L73: 8 | P73: Counter: Squares of differences | AB73: Denominator: Dij squares
B74: 59 | C74: 5 | D74: 5 | E74: 3 | F74: 3 | G74: 2 | H74: 3 | I74: 2 | J74: 6 | K74: 6 | L74: 5
B75: 60 | C75: 5 | D75: 3 | E75: 4 | F75: 4 | G75: 1 | H75: 3 | I75: 3 | J75: 5 | K75: 8 | L75: 7 | Q75: Rating of product 1 | R75: Rating of product 2 | S75: Rating of product 3 | T75: Rating of product 4 | U75: Rating of product 5 | V75: Rating of product 6 | W75: Rating of product 7 | X75: Rating of product 8 | Y75: Rating of product 9 | Z75: Rating of product 10 | AC75: Rating of product 1 | AD75: Rating of product 2 | AE75: Rating of product 3 | AF75: Rating of product 4 | AG75: Rating of product 5 | AH75: Rating of product 6 | AI75: Rating of product 7 | AJ75: Rating of product 8 | AK75: Rating of product 9 | AL75: Rating of product 10
B76: 61 | C76: 4 | D76: 5 | E76: 4 | F76: 5 | G76: 2 | H76: 1 | I76: 1 | J76: 8 | K76: 5 | L76: 6 | P76: Rating of product 1 | Q76: =(Q16-Q55)^2 -> 0 | R76: =(R16-R55)^2 -> 38.402905 | S76: =(S16-S55)^2 -> 14.298596 | T76: =(T16-T55)^2 -> 1.2471009 | U76: =(U16-U55)^2 -> 2.3637499 | V76: =(V16-V55)^2 -> 0.28495145 | W76: =(W16-W55)^2 -> 5.7156211 | X76: =(X16-X55)^2 -> 8.4072203 | ... Z76: =(Z16-Z55)^2 -> 2.7727888 | AB76: Rating of product 1 | AC76: =Q16^2 -> 0 | AD76: =R16^2 -> 109 | AE76: =S16^2 -> 83 | AF76: =T16^2 -> 86 | AG76: =U16^2 -> 804 | AH76: =V16^2 -> 746 | AI76: =W16^2 -> 806 | AJ76: =X16^2 -> 1061 | ... AL76: =Z16^2 -> 1214
B77: 62 | C77: 4 | D77: 5 | E77: 5 | F77: 4 | G77: 2 | H77: 0 | I77: 2 | J77: 8 | K77: 6 | L77: 6 | P77: Rating of product 2 | Q77: =(Q17-Q56)^2 -> 38.402905 | R77: =(R17-R56)^2 -> 0 | S77: =(S17-S56)^2 -> 1.2042478 | T77: =(T17-T56)^2 -> 26.095179 | U77: =(U17-U56)^2 -> 7.932213 | V77: =(V17-V56)^2 -> 4.4250044 | W77: =(W17-W56)^2 -> 0.27252202 | X77: =(X17-X56)^2 -> 1.9260467 | ... Z77: =(Z17-Z56)^2 -> 1.9007268 | AB77: Rating of product 2 | AC77: =Q17^2 -> 109 | AD77: =R17^2 -> 0 | AE77: =S17^2 -> 112 | AF77: =T17^2 -> 99 | AG77: =U17^2 -> 753 | AH77: =V17^2 -> 709 | AI77: =W17^2 -> 751 | AJ77: =X17^2 -> 1166 | ... AL77: =Z17^2 -> 1265
B78: 63 | C78: 4 | D78: 5 | E78: 3 | F78: 5 | G78: 2 | H78: 1 | I78: 2 | J78: 5 | K78: 8 | L78: 6 | P78: Rating of product 3 | Q78: =(Q18-Q57)^2 -> 14.298596 | R78: =(R18-R57)^2 -> 1.2042478 | S78: =(S18-S57)^2 -> 0 | T78: =(T18-T57)^2 -> 29.082366 | U78: =(U18-U57)^2 -> 3.0498021 | V78: =(V18-V57)^2 -> 0.20354735 | W78: =(W18-W57)^2 -> 3.981092 | X78: =(X18-X57)^2 -> 3.5066612 | ... Z78: =(Z18-Z57)^2 -> 5.8226588 | AB78: Rating of product 3 | AC78: =Q18^2 -> 83 | AD78: =R18^2 -> 112 | AE78: =S18^2 -> 0 | AF78: =T18^2 -> 103 | AG78: =U18^2 -> 733 | AH78: =V18^2 -> 675 | AI78: =W18^2 -> 731 | AJ78: =X18^2 -> 1096 | ... AL78: =Z18^2 -> 1221
B79: 64 | C79: 4 | D79: 3 | E79: 4 | F79: 4 | G79: 0 | H79: 0 | I79: 2 | J79: 6 | K79: 6 | L79: 9 | P79: Rating of product 4 | Q79: =(Q19-Q58)^2 -> 1.2471009 | R79: =(R19-R58)^2 -> 26.095179 | S79: =(S19-S58)^2 -> 29.082366 | T79: =(T19-T58)^2 -> 0 | U79: =(U19-U58)^2 -> 2.9102452e-07 | V79: =(V19-V58)^2 -> 1.0699086 | W79: =(W19-W58)^2 -> 0.1025407 | X79: =(X19-X58)^2 -> 0.47197909 | ... Z79: =(Z19-Z58)^2 -> 1.8675564 | AB79: Rating of product 4 | AC79: =Q19^2 -> 86 | AD79: =R19^2 -> 99 | AE79: =S19^2 -> 103 | AF79: =T19^2 -> 0 | AG79: =U19^2 -> 732 | AH79: =V19^2 -> 694 | AI79: =W19^2 -> 706 | AJ79: =X19^2 -> 1125 | ... AL79: =Z19^2 -> 1238
B80: 65 | C80: 5 | D80: 5 | E80: 4 | F80: 3 | G80: 2 | H80: 1 | I80: 0 | J80: 6 | K80: 7 | L80: 5 | P80: Rating of product 5 | Q80: =(Q20-Q59)^2 -> 2.3637499 | R80: =(R20-R59)^2 -> 7.932213 | S80: =(S20-S59)^2 -> 3.0498021 | T80: =(T20-T59)^2 -> 2.9102452e-07 | U80: =(U20-U59)^2 -> 0 | V80: =(V20-V59)^2 -> 17.733916 | W80: =(W20-W59)^2 -> 7.3341979 | X80: =(X20-X59)^2 -> 0.94724086 | ... Z80: =(Z20-Z59)^2 -> 5.1090118 | AB80: Rating of product 5 | AC80: =Q20^2 -> 804 | AD80: =R20^2 -> 753 | AE80: =S20^2 -> 733 | AF80: =T20^2 -> 732 | AG80: =U20^2 -> 0 | AH80: =V20^2 -> 180 | AI80: =W20^2 -> 202 | AJ80: =X20^2 -> 3283 | ... AL80: =Z20^2 -> 3434
B81: 66 | C81: 4 | D81: 3 | E81: 5 | F81: 5 | G81: 0 | H81: 3 | I81: 3 | J81: 7 | K81: 7 | L81: 8 | P81: Rating of product 6 | Q81: =(Q21-Q60)^2 -> 0.28495145 | R81: =(R21-R60)^2 -> 4.4250044 | S81: =(S21-S60)^2 -> 0.20354735 | T81: =(T21-T60)^2 -> 1.0699086 | U81: =(U21-U60)^2 -> 17.733916 | V81: =(V21-V60)^2 -> 0 | W81: =(W21-W60)^2 -> 18.352653 | X81: =(X21-X60)^2 -> 1.7113402 | ... Z81: =(Z21-Z60)^2 -> 0.3011192 | AB81: Rating of product 6 | AC81: =Q21^2 -> 746 | AD81: =R21^2 -> 709 | AE81: =S21^2 -> 675 | AF81: =T21^2 -> 694 | AG81: =U21^2 -> 180 | AH81: =V21^2 -> 0 | AI81: =W21^2 -> 144 | AJ81: =X21^2 -> 3133 | ... AL81: =Z21^2 -> 3304
B82: 67 | C82: 4 | D82: 5 | E82: 3 | F82: 4 | G82: 1 | H82: 3 | I82: 1 | J82: 7 | K82: 6 | L82: 8 | P82: Rating of product 7 | Q82: =(Q22-Q61)^2 -> 5.7156211 | R82: =(R22-R61)^2 -> 0.27252202 | S82: =(S22-S61)^2 -> 3.981092 | T82: =(T22-T61)^2 -> 0.1025407 | U82: =(U22-U61)^2 -> 7.3341979 | V82: =(V22-V61)^2 -> 18.352653 | W82: =(W22-W61)^2 -> 0 | X82: =(X22-X61)^2 -> 4.053781 | ... Z82: =(Z22-Z61)^2 -> 4.1308666 | AB82: Rating of product 7 | AC82: =Q22^2 -> 806 | AD82: =R22^2 -> 751 | AE82: =S22^2 -> 731 | AF82: =T22^2 -> 706 | AG82: =U22^2 -> 202 | AH82: =V22^2 -> 144 | AI82: =W22^2 -> 0 | AJ82: =X22^2 -> 3257 | ... AL82: =Z22^2 -> 3438
B83: 68 | C83: 4 | D83: 3 | E83: 5 | F83: 4 | G83: 0 | H83: 2 | I83: 2 | J83: 6 | K83: 6 | L83: 7 | P83: Rating of product 8 | Q83: =(Q23-Q62)^2 -> 8.4072203 | R83: =(R23-R62)^2 -> 1.9260467 | S83: =(S23-S62)^2 -> 3.5066612 | T83: =(T23-T62)^2 -> 0.47197909 | U83: =(U23-U62)^2 -> 0.94724086 | V83: =(V23-V62)^2 -> 1.7113402 | W83: =(W23-W62)^2 -> 4.053781 | X83: =(X23-X62)^2 -> 0 | ... Z83: =(Z23-Z62)^2 -> 26.952172 | AB83: Rating of product 8 | AC83: =Q23^2 -> 1061 | AD83: =R23^2 -> 1166 | AE83: =S23^2 -> 1096 | AF83: =T23^2 -> 1125 | AG83: =U23^2 -> 3283 | AH83: =V23^2 -> 3133 | AI83: =W23^2 -> 3257 | AJ83: =X23^2 -> 0 | ... AL83: =Z23^2 -> 361
B84: 69 | C84: 4 | D84: 4 | E84: 4 | F84: 4 | G84: 1 | H84: 1 | I84: 3 | J84: 8 | K84: 6 | L84: 5 | P84: Rating of product 9 | Q84: =(Q24-Q63)^2 -> 0.1863739 | R84: =(R24-R63)^2 -> 0.0027591124 | S84: =(S24-S63)^2 -> 0.21384014 | T84: =(T24-T63)^2 -> 0.62380167 | U84: =(U24-U63)^2 -> 1.8790017 | V84: =(V24-V63)^2 -> 1.8577869 | W84: =(W24-W63)^2 -> 0.54581633 | X84: =(X24-X63)^2 -> 42.022099 | ... Z84: =(Z24-Z63)^2 -> 41.624798 | AB84: Rating of product 9 | AC84: =Q24^2 -> 1071 | AD84: =R24^2 -> 1178 | AE84: =S24^2 -> 1152 | AF84: =T24^2 -> 1129 | AG84: =U24^2 -> 3305 | AH84: =V24^2 -> 3221 | AI84: =W24^2 -> 3337 | AJ84: =X24^2 -> 298 | ... AL84: =Z24^2 -> 405
B85: 70 | C85: 4 | D85: 3 | E85: 4 | F85: 4 | G85: 2 | H85: 2 | I85: 0 | J85: 8 | K85: 8 | L85: 6 | P85: Rating of product 10 | Q85: =(Q25-Q64)^2 -> 2.7727888 | R85: =(R25-R64)^2 -> 1.9007268 | S85: =(S25-S64)^2 -> 5.8226588 | T85: =(T25-T64)^2 -> 1.8675564 | U85: =(U25-U64)^2 -> 5.1090118 | V85: =(V25-V64)^2 -> 0.3011192 | W85: =(W25-W64)^2 -> 4.1308666 | X85: =(X25-X64)^2 -> 26.952172 | ... Z85: =(Z25-Z64)^2 -> 0 | AB85: Rating of product 10 | AC85: =Q25^2 -> 1214 | AD85: =R25^2 -> 1265 | AE85: =S25^2 -> 1221 | AF85: =T25^2 -> 1238 | AG85: =U25^2 -> 3434 | AH85: =V25^2 -> 3304 | AI85: =W25^2 -> 3438 | AJ85: =X25^2 -> 361 | ... AL85: =Z25^2 -> 0
B86: 71 | C86: 4 | D86: 3 | E86: 4 | F86: 3 | G86: 0 | H86: 1 | I86: 2 | J86: 6 | K86: 6 | L86: 5
B87: 72 | C87: 5 | D87: 4 | E87: 4 | F87: 4 | G87: 2 | H87: 1 | I87: 2 | J87: 7 | K87: 7 | L87: 8
B88: 73 | C88: 4 | D88: 5 | E88: 3 | F88: 5 | G88: 0 | H88: 1 | I88: 0 | J88: 8 | K88: 9 | L88: 5 | O88: Stage 6 | P88: Solver
B89: 74 | C89: 4 | D89: 3 | E89: 4 | F89: 4 | G89: 3 | H89: 1 | I89: 2 | J89: 9 | K89: 9 | L89: 5
B90: 75 | C90: 4 | D90: 4 | E90: 5 | F90: 4 | G90: 2 | H90: 0 | I90: 3 | J90: 8 | K90: 8 | L90: 8 | O90: Minimize target function (STRESS)
B91: 76 | C91: 3 | D91: 3 | E91: 3 | F91: 3 | G91: 1 | H91: 1 | I91: 0 | J91: 8 | K91: 8 | L91: 8 | O91: and read the solution
B92: 77 | C92: 5 | D92: 5 | E92: 5 | F92: 4 | G92: 2 | H92: 3 | I92: 1 | J92: 9 | K92: 6 | L92: 6
B93: 78 | C93: 4 | D93: 3 | E93: 4 | F93: 4 | G93: 3 | H93: 2 | I93: 2 | J93: 7 | K93: 6 | L93: 8
B94: 79 | C94: 3 | D94: 3 | E94: 4 | F94: 3 | G94: 2 | H94: 0 | I94: 0 | J94: 6 | K94: 7 | L94: 7
B95: 80 | C95: 4 | D95: 3 | E95: 5 | F95: 4 | G95: 1 | H95: 2 | I95: 2 | J95: 5 | K95: 7 | L95: 8
B96: 81 | C96: 4 | D96: 5 | E96: 3 | F96: 4 | G96: 2 | H96: 1 | I96: 2 | J96: 8 | K96: 8 | L96: 9
B97: 82 | C97: 4 | D97: 4 | E97: 5 | F97: 3 | G97: 2 | H97: 1 | I97: 1 | J97: 8 | K97: 7 | L97: 8
B98: 83 | C98: 5 | D98: 5 | E98: 4 | F98: 4 | G98: 1 | H98: 1 | I98: 3 | J98: 9 | K98: 7 | L98: 6
B99: 84 | C99: 5 | D99: 4 | E99: 3 | F99: 5 | G99: 2 | H99: 1 | I99: 1 | J99: 5 | K99: 8 | L99: 6
B100: 85 | C100: 5 | D100: 5 | E100: 4 | F100: 5 | G100: 3 | H100: 2 | I100: 2 | J100: 6 | K100: 6 | L100: 9
B101: 86 | C101: 4 | D101: 4 | E101: 4 | F101: 4 | G101: 3 | H101: 1 | I101: 2 | J101: 7 | K101: 5 | L101: 8
B102: 87 | C102: 5 | D102: 3 | E102: 4 | F102: 3 | G102: 2 | H102: 2 | I102: 2 | J102: 6 | K102: 5 | L102: 7
B103: 88 | C103: 3 | D103: 5 | E103: 4 | F103: 3 | G103: 1 | H103: 3 | I103: 0 | J103: 7 | K103: 6 | L103: 9
...

Sheet PCA
B2: PCA
B3: - linear transformation technique to detect the correlation between variables
B4: - core: to find the directions of maximum variance in high-dimensional data and project it onto a smaller dimensional subspace while retaining most of the information
B5: - purpose: to increase the computational efficiency while retaining most of the information
B6: - main question: How to reduce the dimensions of a d-dimensional dataset by projecting it onto a (k)-dimensional subspace (where k<d)?
B7: - second question: what is the size of k that represents the data ‘well’?
B8: - result: PCA yields the directions (principal components) that maximize the variance of the data, PCA “ignores” class labels
B9: - result: Each of those eigenvectors is associated with an eigenvalue which can be interpreted as the “length” or “magnitude” of the corresponding eigenvector.
B10: - procedure - step 1: calculating the eigenvectors for covariance matrix of standardised data,
B11: - procedure - step 2: checking the degree of explained variance by cumulative eigenvalues and then selecting proper number of eigenvectors
B12: - procedure - step 3: preparing the projection matrix as a result of multiplying the data and selected eigenvectors (principal components).
A21: Step1 | B21: data
U22: Step 2 | V22: Standardised variables | AO22: Step 3 | AP22: covariance matrix | BV22: Step 5 | BW22: Dimensions reductions
A23: mean | B23: =AVERAGE(B26:B405) -> 0.042105263 | C23: =AVERAGE(C26:C405) -> 17 | D23: =AVERAGE(D26:D405) -> 57.80151 | E23: =AVERAGE(E26:E405) -> 29686.329 | F23: =AVERAGE(F26:F405) -> 6236.1368 | G23: =AVERAGE(G26:G405) -> 7998.3263 | H23: =AVERAGE(H26:H405) -> 15451.866 | I23: =AVERAGE(I26:I405) -> 12.268684 | ... R23: =AVERAGE(R26:R405) -> 738.11053 | BG23: Step 4 | BH23: Eigenvectors and eigenvalues
A24: sd | B24: =STDEVA(B26:B405) -> 0.20109408 | C24: =STDEVA(C26:C405) -> 9.4083554 | D24: =STDEVA(D26:D405) -> 32.316128 | E24: =STDEVA(E26:E405) -> 53362.162 | F24: =STDEVA(F26:F405) -> 5447.4473 | G24: =STDEVA(G26:G405) -> 9401.8485 | H24: =STDEVA(H26:H405) -> 45413.819 | I24: =STDEVA(I26:I405) -> 5.2676734 | ... R24: =STDEVA(R26:R405) -> 1826.8902 | AO24: The Excel version | BX24: y - output of PCA
A25: ID_MAPA | B25: core city | C25: region_id | D25: odległość | E25: XA02 | F25: XA03 | G25: XA04 | H25: XA05 | I25: XA06 | J25: XA17 | K25: XA19 | L25: XA20 | M25: XA21 | N25: XA28 | O25: XA30 | P25: XA31 | Q25: XA40 | R25: XA41 | U25: ID_MAPA | V25: core city | W25: region_id | X25: odległość | Y25: XA02 | Z25: XA03 | AA25: XA04 | AB25: XA05 | AC25: XA06 | AD25: XA17 | AE25: XA19 | AF25: XA20 | AG25: XA21 | AH25: XA28 | AI25: XA30 | AJ25: XA31 | AK25: XA40 | AL25: XA41 | AP25: odległość | AQ25: XA02 | AR25: XA03 | AS25: XA04 | AT25: XA05 | AU25: XA06 | AV25: XA17 | AW25: XA19 | AX25: XA20 | AY25: XA21 | AZ25: XA28 | BA25: XA30 | BB25: XA31 | BC25: XA40 | BD25: XA41 | BG25: $values | BV25: Y=X*W | BX25: X - data matrix
A26: 1 | B26: 0 | C26: 18 | D26: 53.835673 | E26: 15582 | F26: 8253 | G26: 3029 | H26: 4300 | I26: 19.8 | J26: 36 | K26: 11715 | L26: 44044 | M26: 11419 | N26: 4145 | O26: 3017.94 | P26: 72.7 | Q26: 403 | R26: 7 | U26: 1 | V26: 0 | W26: 18 | X26: =(D26-D$23)/D$24 -> -0.12272004 | Y26: =(E26-E$23)/E$24 -> -0.2643133 | Z26: =(F26-F$23)/F$24 -> 0.37024005 | AA26: =(G26-G$23)/G$24 -> -0.5285478 | AB26: =(H26-H$23)/H$24 -> -0.24556106 | AC26: =(I26-I$23)/I$24 -> 1.4297234 | AD26: =(J26-J$23)/J$24 -> -0.30792521 | AE26: =(K26-K$23)/K$24 -> -0.33057176 | ... AL26: =(R26-R$23)/R$24 -> -0.40019402 | AO26: odległość | AP26: =VARP(PCA!$X$26:$X$405) -> 0.99736842 | BG26: [1] 9.008684e+00 1.883370e+00 1.199963e+00 9.123390e-01 8.615535e-01 6.641781e-01 1.952730e-01 1.355759e-01 | BX26: W - selected eigenvectors matrix
A27: 2 | B27: 0 | C27: 18 | D27: 55.249937 | E27: 20434 | F27: 14393 | G27: 1123 | H27: 4918 | I27: 17.9 | J27: 125.2 | K27: 14238 | L27: 47878 | M27: 12199 | N27: 4124 | O27: 3195.46 | P27: 77 | Q27: 0 | R27: 1741 | U27: 2 | V27: 0 | W27: 18 | X27: =(D27-D$23)/D$24 -> -0.078956637 | Y27: =(E27-E$23)/E$24 -> -0.17338744 | Z27: =(F27-F$23)/F$24 -> 1.4973735 | AA27: =(G27-G$23)/G$24 -> -0.73127389 | AB27: =(H27-H$23)/H$24 -> -0.23195287 | AC27: =(I27-I$23)/I$24 -> 1.0690328 | AD27: =(J27-J$23)/J$24 -> -0.23991889 | AE27: =(K27-K$23)/K$24 -> -0.20121662 | ... AL27: =(R27-R$23)/R$24 -> 0.54895991 | AO27: XA02 | AP27: -0.14931069 | AQ27: =VARP(PCA!$Y$26:$Y$405) -> 0.99736842 | BG27: [9] 7.402956e-02 4.057037e-02 1.841834e-02 5.014969e-03 1.027390e-03 2.842711e-06 4.778308e-16
A28: 3 | B28: 0 | C28: 18 | D28: 41.176512 | E28: 24367 | F28: 13814 | G28: 4408 | H28: 6145 | I28: 16.9 | J28: 113.3 | K28: 15022 | L28: 49557 | M28: 14290 | N28: 4608 | O28: 3130.09 | P28: 75.4 | Q28: 1687 | R28: 176 | U28: 3 | V28: 0 | W28: 18 | X28: =(D28-D$23)/D$24 -> -0.51444895 | Y28: =(E28-E$23)/E$24 -> -0.099683535 | Z28: =(F28-F$23)/F$24 -> 1.3910852 | AA28: =(G28-G$23)/G$24 -> -0.38187451 | AB28: =(H28-H$23)/H$24 -> -0.20493466 | AC28: =(I28-I$23)/I$24 -> 0.87919569 | AD28: =(J28-J$23)/J$24 -> -0.24899148 | AE28: =(K28-K$23)/K$24 -> -0.16102066 | ... AL28: =(R28-R$23)/R$24 -> -0.30768709 | AO28: XA03 | AP28: 0.025230277 | AQ28: 0.0075680303 | AR28: =VARP(PCA!$Z$26:$Z$405) -> 0.99736842 | BV28: core city | BW28: ID | BX28: prin_comp1 | BY28: all obs | BZ28: core-cities
A29: 4 | B29: 0 | C29: 18 | D29: 26.234316 | E29: 19901 | F29: 8230 | G29: 5539 | H29: 6132 | I29: 17 | J29: 323.1 | K29: 15116 | L29: 46260 | M29: 12380 | N29: 4998 | O29: 3365.62 | P29: 81.1 | Q29: 0 | R29: 0 | U29: 4 | V29: 0 | W29: 18 | X29: =(D29-D$23)/D$24 -> -0.97682475 | Y29: =(E29-E$23)/E$24 -> -0.1833758 | Z29: =(F29-F$23)/F$24 -> 0.36601789 | AA29: =(G29-G$23)/G$24 -> -0.26157902 | AB29: =(H29-H$23)/H$24 -> -0.20522092 | AC29: =(I29-I$23)/I$24 -> 0.8981794 | AD29: =(J29-J$23)/J$24 -> -0.089039403 | AE29: =(K29-K$23)/K$24 -> -0.15620124 | ... AL29: =(R29-R$23)/R$24 -> -0.40402567 | AO29: XA04 | AP29: -0.24620532 | AQ29: 0.88000166 | AR29: -0.13081133 | AS29: =VARP(PCA!$AA$26:$AA$405) -> 0.99736842 | BV29: 0 | BW29: 1 | BX29: {=MMULT($X$26:$AL$405,$BF$89:$BG$103)} -> 1.4990742 | BY29: -1.5193543 | BZ29: =IF(BV29=1,BY29,NA()) -> #N/A
A30: 5 | B30: 0 | C30: 18 | D30: 3.8461907 | E30: 51290 | F30: 26078 | G30: 11030 | H30: 14182 | I30: 12.8 | J30: 589.6 | K30: 33572 | L30: 105406 | M30: 28364 | N30: 11675 | O30: 3333.91 | P30: 80.3 | Q30: 896 | R30: 233 | U30: 5 | V30: 0 | W30: 18 | X30: =(D30-D$23)/D$24 -> -1.6696097 | Y30: =(E30-E$23)/E$24 -> 0.40484999 | Z30: =(F30-F$23)/F$24 -> 3.6424149 | AA30: =(G30-G$23)/G$24 -> 0.32245507 | AB30: =(H30-H$23)/H$24 -> -0.027962101 | AC30: =(I30-I$23)/I$24 -> 0.10086346 | AD30: =(J30-J$23)/J$24 -> 0.11414091 | AE30: =(K30-K$23)/K$24 -> 0.79004464 | ... AL30: =(R30-R$23)/R$24 -> -0.27648653 | AO30: XA05 | AP30: -0.12749857 | AQ30: 0.98883704 | AR30: -0.083661696 | AS30: 0.8432295 | AT30: =VARP(PCA!$AB$26:$AB$405) -> 0.99736842 | BG30: $vectors | BV30: 0 | BW30: 2 | BX30: 1.3091336 | BY30: -1.3875894 | BZ30: =IF(BV30=1,BY30,NA()) -> #N/A
A31: 6 | B31: 0 | C31: 18 | D31: 65.561366 | E31: 31569 | F31: 10781 | G31: 10534 | H31: 10254 | I31: 9.9 | J31: 208 | K31: 17380 | L31: 60541 | M31: 17724 | N31: 6972 | O31: 3251.52 | P31: 78.3 | Q31: 9061 | R31: 0 | U31: 6 | V31: 0 | W31: 18 | X31: =(D31-D$23)/D$24 -> 0.24012333 | Y31: =(E31-E$23)/E$24 -> 0.035281011 | Z31: =(F31-F$23)/F$24 -> 0.83431063 | AA31: =(G31-G$23)/G$24 -> 0.26969948 | AB31: =(H31-H$23)/H$24 -> -0.1144556 | AC31: =(I31-I$23)/I$24 -> -0.44966421 | AD31: =(J31-J$23)/J$24 -> -0.17679195 | AE31: =(K31-K$23)/K$24 -> -0.040125133 | ... AL31: =(R31-R$23)/R$24 -> -0.40402567 | AO31: XA06 | AP31: 0.20698687 | AQ31: -0.29178594 | AR31: 0.01815027 | AS31: -0.45234492 | AT31: -0.25138434 | AU31: =VARP(PCA!$AC$26:$AC$405) -> 0.99736842 | BG31: [,1] [,2] [,3] [,4] [,5] [,6] [,7] [,8] | BV31: 0 | BW31: 3 | BX31: 1.095602 | BY31: -1.46744 | BZ31: =IF(BV31=1,BY31,NA()) -> #N/A
A32: 7 | B32: 0 | C32: 18 | D32: 62.730515 | E32: 33790 | F32: 7183 | G32: 14222 | H32: 12385 | I32: 9.6 | J32: 731.9 | K32: 18093 | L32: 68523 | M32: 21330 | N32: 8926 | O32: 3651.26 | P32: 88 | Q32: 17628 | R32: 164 | U32: 7 | V32: 0 | W32: 18 | X32: =(D32-D$23)/D$24 -> 0.15252464 | Y32: =(E32-E$23)/E$24 -> 0.076902263 | Z32: =(F32-F$23)/F$24 -> 0.17381777 | AA32: =(G32-G$23)/G$24 -> 0.66196277 | AB32: =(H32-H$23)/H$24 -> -0.067531554 | AC32: =(I32-I$23)/I$24 -> -0.50661535 | AD32: =(J32-J$23)/J$24 -> 0.22263081 | AE32: =(K32-K$23)/K$24 -> -0.003569362 | ... AL32: =(R32-R$23)/R$24 -> -0.31425563 | AO32: XA17 | AP32: -0.087396931 | AQ32: 0.94296103 | AR32: -0.076258864 | AS32: 0.80527939 | AT32: 0.95043186 | AU32: -0.25216387 | AV32: =VARP(PCA!$AD$26:$AD$405) -> 0.99736842 | BG32: [1,] 0.070802444 -0.18723939 0.4462621205 0.515271299 0.668335718 0.169331389 -0.1329621858 0.0447718124 | BV32: 0 | BW32: 4 | BX32: 0.84235679 | BY32: -0.47458344 | BZ32: =IF(BV32=1,BY32,NA()) -> #N/A
A33: 8 | B33: 0 | C33: 18 | D33: 27.385669 | E33: 18416 | F33: 11960 | G33: 2134 | H33: 4322 | I33: 20.2 | J33: 23.4 | K33: 11563 | L33: 39208 | M33: 11081 | N33: 3878 | O33: 2990.08 | P33: 72 | Q33: 143 | R33: 20 | U33: 8 | V33: 0 | W33: 18 | X33: =(D33-D$23)/D$24 -> -0.94119693 | Y33: =(E33-E$23)/E$24 -> -0.2112045 | Z33: =(F33-F$23)/F$24 -> 1.0507423 | AA33: =(G33-G$23)/G$24 -> -0.62374185 | AB33: =(H33-H$23)/H$24 -> -0.24507663 | AC33: =(I33-I$23)/I$24 -> 1.5056582 | AD33: =(J33-J$23)/J$24 -> -0.31753148 | AE33: =(K33-K$23)/K$24 -> -0.33836485 | ... AL33: =(R33-R$23)/R$24 -> -0.3930781 | AO33: XA19 | AP33: -0.18283135 | AQ33: 0.95564903 | AR33: 0.076411554 | AS33: 0.88780288 | AT33: 0.92994298 | AU33: -0.30045272 | AV33: 0.88855449 | AW33: =VARP(PCA!$AE$26:$AE$405) -> 0.99736842 | BG33: [2,] -0.325320425 -0.13417357 0.0008312344 0.008209226 0.019957106 -0.015622535 0.1255955038 -0.0424101849 | BV33: 0 | BW33: 5 | BX33: -0.52351265 | BY33: -1.8051625 | BZ33: =IF(BV33=1,BY33,NA()) -> #N/A
A34: 9 | B34: 0 | C34: 18 | D34: 54.263359 | E34: 17778 | F34: 8040 | G34: 5588 | H34: 4150 | I34: 11.1 | J34: 309.4 | K34: 9427 | L34: 34381 | M34: 9903 | N34: 3381 | O34: 3531.2 | P34: 85.1 | Q34: 4487 | R34: 850 | U34: 9 | V34: 0 | W34: 18 | X34: =(D34-D$23)/D$24 -> -0.1094856 | Y34: =(E34-E$23)/E$24 -> -0.22316054 | Z34: =(F34-F$23)/F$24 -> 0.33113917 | AA34: =(G34-G$23)/G$24 -> -0.25636728 | AB34: =(H34-H$23)/H$24 -> -0.24886402 | AC34: =(I34-I$23)/I$24 -> -0.22185965 | AD34: =(J34-J$23)/J$24 -> -0.099484319 | AE34: =(K34-K$23)/K$24 -> -0.44787836 | ... AL34: =(R34-R$23)/R$24 -> 0.061245867 | AO34: XA20 | AP34: -0.19609437 | AQ34: 0.96710957 | AR34: 0.02426466 | AS34: 0.90439004 | AT34: 0.94623046 | AU34: -0.29354107 | AV34: 0.89303404 | AW34: 0.98887734 | AX34: =VARP(PCA!$AF$26:$AF$405) -> 0.99736842 | BG34: [3,] 0.032751824 -0.36520585 -0.4161944821 -0.416937752 0.578447422 -0.344718109 0.0245821342 0.1554504198 | BV34: 0 | BW34: 6 | BX34: 0.36715491 | BY34: -0.8195263 | BZ34: =IF(BV34=1,BY34,NA()) -> #N/A
A35: 10 | B35: 0 | C35: 18 | D35: 85.896728 | E35: 7569 | F35: 4166 | G35: 472 | H35: 2931 | I35: 20.9 | J35: 27.1 | K35: 4684 | L35: 17028 | M35: 5035 | N35: 2933 | O35: 3504.61 | P35: 84.4 | Q35: 934 | R35: 93 | U35: 10 | V35: 0 | W35: 18 | X35: =(D35-D$23)/D$24 -> 0.86938691 | Y35: =(E35-E$23)/E$24 -> -0.41447588 | Z35: =(F35-F$23)/F$24 -> -0.38001962 | AA35: =(G35-G$23)/G$24 -> -0.8005156 | AB35: =(H35-H$23)/H$24 -> -0.27570607 | AC35: =(I35-I$23)/I$24 -> 1.6385442 | AD35: =(J35-J$23)/J$24 -> -0.31471059 | AE35: =(K35-K$23)/K$24 -> -0.6910537 | ... AL35: =(R35-R$23)/R$24 -> -0.35311949 | AO35: XA21 | AP35: -0.17944283 | AQ35: 0.97355692 | AR35: -0.025510287 | AS35: 0.89380851 | AT35: 0.96196745 | AU35: -0.27894475 | AV35: 0.90263188 | AW35: 0.96510328 | AX35: 0.98705648 | AY35: =VARP(PCA!$AG$26:$AG$405) -> 0.99736842 | BG35: [4,] -0.308359346 0.04211311 -0.0898659655 0.007670076 -0.037753206 0.144280609 -0.6432128641 -0.2589123301 | BV35: 0 | BW35: 7 | BX35: -0.41027255 | BY35: 0.29765285 | BZ35: =IF(BV35=1,BY35,NA()) -> #N/A
A36: 11 | B36: 0 | C36: 18 | D36: 43.722853 | E36: 23530 | F36: 480 | G36: 10088 | H36: 12962 | I36: 5.9 | J36: 139.1 | K36: 7823 | L36: 28679 | M36: 10273 | N36: 5639 | O36: 3266.12 | P36: 78.7 | Q36: 18011 | R36: 0 | U36: 11 | V36: 0 | W36: 18 | X36: =(D36-D$23)/D$24 -> -0.4356542 | Y36: =(E36-E$23)/E$24 -> -0.11536881 | Z36: =(F36-F$23)/F$24 -> -1.0566668 | AA36: =(G36-G$23)/G$24 -> 0.222262 | AB36: =(H36-H$23)/H$24 -> -0.05482617 | AC36: =(I36-I$23)/I$24 -> -1.2090127 | AD36: =(J36-J$23)/J$24 -> -0.22932149 | AE36: =(K36-K$23)/K$24 -> -0.53011602 | ... AL36: =(R36-R$23)/R$24 -> -0.40402567 | AO36: XA28 | AP36: -0.12762288 | AQ36: 0.98431667 | AR36: -0.069448091 | AS36: 0.85133123 | AT36: 0.98867468 | AU36: -0.26278818 | AV36: 0.9502138 | AW36: 0.95319854 | AX36: 0.96200833 | AY36: 0.96862756 | AZ36: =VARP(PCA!$AH$26:$AH$405) -> 0.99736842 | BG36: [5,] -0.322348296 -0.12256827 0.0695043976 0.058070332 -0.038119621 -0.006877267 0.2777905016 -0.0148776881 | BV36: 0 | BW36: 8 | BX36: 1.5424432 | BY36: -1.698655 | BZ36: =IF(BV36=1,BY36,NA()) -> #N/A
A37: 12 | B37: 1 | C37: 18 | D37: 0 | E37: 86665 | F37: 3399 | G37: 21268 | H37: 61998 | I37: 7.3 | J37: 1086.5 | K37: 32900 | L37: 117746 | M37: 35250 | N37: 25648 | O37: 4231.81 | P37: 101.9 | Q37: 28763 | R37: 0 | U37: 12 | V37: 1 | W37: 18 | X37: =(D37-D$23)/D$24 -> -1.7886273 | Y37: =(E37-E$23)/E$24 -> 1.0677729 | Z37: =(F37-F$23)/F$24 -> -0.52081951 | AA37: =(G37-G$23)/G$24 -> 1.4113899 | AB37: =(H37-H$23)/H$24 -> 1.0249333 | AC37: =(I37-I$23)/I$24 -> -0.94324074 | AD37: =(J37-J$23)/J$24 -> 0.4929788 | AE37: =(K37-K$23)/K$24 -> 0.75559095 | ... AL37: =(R37-R$23)/R$24 -> -0.40402567 | AO37: XA30 | AP37: -0.1850523 | AQ37: 0.39139964 | AR37: -0.28569362 | AS37: 0.49283884 | AT37: 0.39214133 | AU37: -0.37471198 | AV37: 0.42875015 | AW37: 0.36911312 | AX37: 0.39454029 | AY37: 0.40389363 | AZ37: 0.38951458 | BA37: =VARP(PCA!$AI$26:$AI$405) -> 0.99736842 | BG37: [6,] 0.125542943 -0.29655225 0.4351509034 0.083645277 -0.294026192 -0.753413232 -0.1806515426 -0.0061074135 | BV37: 0 | BW37: 9 | BX37: 0.83813375 | BY37: 0.22650697 | BZ37: =IF(BV37=1,BY37,NA()) -> #N/A
A38: 13 | B38: 0 | C38: 18 | D38: 64.670839 | E38: 18401 | F38: 1399 | G38: 3619 | H38: 13383 | I38: 14.9 | J38: 31.9 | K38: 10165 | L38: 38777 | M38: 13778 | N38: 6262 | O38: 3501.18 | P38: 84.3 | Q38: 13113 | R38: 0 | U38: 13 | V38: 0 | W38: 18 | X38: =(D38-D$23)/D$24 -> 0.21256661 | Y38: =(E38-E$23)/E$24 -> -0.2114856 | Z38: =(F38-F$23)/F$24 -> -0.88796396 | AA38: =(G38-G$23)/G$24 -> -0.46579418 | AB38: =(H38-H$23)/H$24 -> -0.045555864 | AC38: =(I38-I$23)/I$24 -> 0.49952143 | AD38: =(J38-J$23)/J$24 -> -0.31105106 | AE38: =(K38-K$23)/K$24 -> -0.41004083 | ... AL38: =(R38-R$23)/R$24 -> -0.40402567 | AO38: XA31 | AP38: -0.18497237 | AQ38: 0.3915704 | AR38: -0.28575055 | AS38: 0.49299427 | AT38: 0.39231664 | AU38: -0.37472164 | AV38: 0.42891776 | AW38: 0.3692971 | AX38: 0.39472421 | AY38: 0.40406645 | AZ38: 0.38969613 | BA38: 0.99736554 | BB38: =VARP(PCA!$AJ$26:$AJ$405) -> 0.99736842 | BG38: [7,] -0.311410125 -0.08822512 0.0739291001 0.094581459 0.031084447 -0.054147109 0.5213962963 -0.3488711882 | BV38: 0 | BW38: 10 | BX38: 1.6873663 | BY38: -0.24084505 | BZ38: =IF(BV38=1,BY38,NA()) -> #N/A
A39: 14 | B39: 0 | C39: 18 | D39: 60.960978 | E39: 12035 | F39: 1798 | G39: 2352 | H39: 7885 | I39: 13.3 | J39: 50.8 | K39: 7605 | L39: 29868 | M39: 10343 | N39: 4912 | O39: 3284.02 | P39: 79.1 | Q39: 19264 | R39: 0 | U39: 14 | V39: 0 | W39: 18 | X39: =(D39-D$23)/D$24 -> 0.09776753 | Y39: =(E39-E$23)/E$24 -> -0.33078362 | Z39: =(F39-F$23)/F$24 -> -0.81471864 | AA39: =(G39-G$23)/G$24 -> -0.60055492 | AB39: =(H39-H$23)/H$24 -> -0.16662034 | AC39: =(I39-I$23)/I$24 -> 0.19578203 | AD39: =(J39-J$23)/J$24 -> -0.29664165 | AE39: =(K39-K$23)/K$24 -> -0.54129296 | ... AL39: =(R39-R$23)/R$24 -> -0.40402567 | AO39: XA40 | AP39: -0.18905873 | AQ39: 0.89035706 | AR39: -0.21953623 | AS39: 0.83344537 | AT39: 0.89997634 | AU39: -0.30102766 | AV39: 0.83797875 | AW39: 0.84865135 | AX39: 0.87877083 | AY39: 0.89250483 | AZ39: 0.8951921 | BA39: 0.47158394 | BB39: 0.4718028 | BC39: =VARP(PCA!$AK$26:$AK$405) -> 0.99736842 | BG39: [8,] -0.318713574 -0.14589517 -0.0848033577 -0.013518199 0.036821442 -0.055045492 -0.2173853961 -0.0878832145 | BV39: 0 | BW39: 11 | BX39: 0.55700663 | BY39: 0.44102228 | BZ39: =IF(BV39=1,BY39,NA()) -> #N/A
A40: 15 | B40: 0 | C40: 14 | D40: 123.12297 | E40: 15694 | F40: 8236 | G40: 2470 | H40: 4988 | I40: 13.8 | J40: 65 | K40: 10766 | L40: 33010 | M40: 9477 | N40: 3611 | O40: 3485.56 | P40: 84 | Q40: 8722 | R40: 513 | U40: 15 | V40: 0 | W40: 14 | X40: =(D40-D$23)/D$24 -> 2.021327 | Y40: =(E40-E$23)/E$24 -> -0.26221443 | Z40: =(F40-F$23)/F$24 -> 0.36711932 | AA40: =(G40-G$23)/G$24 -> -0.58800419 | AB40: =(H40-H$23)/H$24 -> -0.23041149 | AC40: =(I40-I$23)/I$24 -> 0.29070059 | AD40: =(J40-J$23)/J$24 -> -0.28581553 | AE40: =(K40-K$23)/K$24 -> -0.37922734 | ... AL40: =(R40-R$23)/R$24 -> -0.12322061 | AO40: XA41 | AP40: -0.083587772 | AQ40: -0.027142446 | AR40: 0.0003727294 | AS40: 0.041294244 | AT40: -0.040486625 | AU40: -0.15724018 | AV40: -0.0107969 | AW40: 0.023090636 | AX40: -0.010752193 | AY40: -0.048535065 | AZ40: -0.013433613 | BA40: 0.012047117 | BB40: 0.012012259 | BC40: -0.073933704 | BD40: =VARP(PCA!$AL$26:$AL$405) -> 0.99736842 | BG40: [9,] -0.323811704 -0.12583510 -0.0433336753 -0.025261866 -0.002171374 -0.039718657 -0.2417151758 -0.0280285802 | BV40: 1 | BW40: 12 | BX40: -2.9696663 | BY40: 1.7412802 | BZ40: =IF(BV40=1,BY40,NA()) -> 1.7412802
A41: 16 | B41: 0 | C41: 14 | D41: 35.032622 | E41: 17266 | F41: 3731 | G41: 3930 | H41: 9605 | I41: 13.9 | J41: 410.2 | K41: 14250 | L41: 46644 | M41: 15244 | N41: 8432 | O41: 4003.47 | P41: 96.4 | Q41: 7913 | R41: 2274 | U41: 16 | V41: 0 | W41: 14 | X41: =(D41-D$23)/D$24 -> -0.70456732 | Y41: =(E41-E$23)/E$24 -> -0.23275535 | Z41: =(F41-F$23)/F$24 -> -0.45987354 | AA41: =(G41-G$23)/G$24 -> -0.43271558 | AB41: =(H41-H$23)/H$24 -> -0.1287464 | AC41: =(I41-I$23)/I$24 -> 0.30968431 | AD41: =(J41-J$23)/J$24 -> -0.02263413 | AE41: =(K41-K$23)/K$24 -> -0.20060138 | ... AL41: =(R41-R$23)/R$24 -> 0.84071253 | BG41: [10,] -0.324678204 -0.11737013 0.0124766682 -0.020089306 -0.023718924 -0.016836523 -0.1479173860 -0.0087754878 | BV41: 0 | BW41: 13 | BX41: 0.81804953 | BY41: 0.21631379 | BZ41: =IF(BV41=1,BY41,NA()) -> #N/A
A42: 17 | B42: 0 | C42: 14 | D42: 106.92424 | E42: 16647 | F42: 629 | G42: 5676 | H42: 10342 | I42: 13.3 | J42: 426.6 | K42: 9629 | L42: 33322 | M42: 9620 | N42: 5960 | O42: 4108.75 | P42: 99 | Q42: 32287 | R42: 0 | U42: 17 | V42: 0 | W42: 14 | X42: =(D42-D$23)/D$24 -> 1.5200685 | Y42: =(E42-E$23)/E$24 -> -0.24435533 | Z42: =(F42-F$23)/F$24 -> -1.0293146 | AA42: =(G42-G$23)/G$24 -> -0.24700742 | AB42: =(H42-H$23)/H$24 -> -0.11251786 | AC42: =(I42-I$23)/I$24 -> 0.19578203 | AD42: =(J42-J$23)/J$24 -> -0.010130726 | AE42: =(K42-K$23)/K$24 -> -0.43752174 | ... AL42: =(R42-R$23)/R$24 -> -0.40402567 | BG42: [11,] -0.323922187 -0.12636488 0.0427127682 0.071464633 -0.026658728 -0.012929563 0.2070473755 -0.0464316955 | BV42: 0 | BW42: 14 | BX42: 1.1457277 | BY42: -0.10774421 | BZ42: =IF(BV42=1,BY42,NA()) -> #N/A
A43: 18 | B43: 0 | C43: 14 | D43: 88.700186 | E43: 10129 | F43: 6560 | G43: 1084 | H43: 2485 | I43: 10.9 | J43: 12.4 | K43: 6902 | L43: 20939 | M43: 5728 | N43: 2737 | O43: 3501.61 | P43: 84.4 | Q43: 3400 | R43: 100 | U43: 18 | V43: 0 | W43: 14 | X43: =(D43-D$23)/D$24 -> 0.95613796 | Y43: =(E43-E$23)/E$24 -> -0.36650181 | Z43: =(F43-F$23)/F$24 -> 0.05945228 | AA43: =(G43-G$23)/G$24 -> -0.73542201 | AB43: =(H43-H$23)/H$24 -> -0.28552687 | AC43: =(I43-I$23)/I$24 -> -0.25982708 | AD43: =(J43-J$23)/J$24 -> -0.32591791 | AE43: =(K43-K$23)/K$24 -> -0.57733603 | ... AL43: =(R43-R$23)/R$24 -> -0.34928784 | BG43: [12,] -0.179784139 0.55827565 0.1178852881 -0.079511578 0.229668350 -0.284628694 0.0003836538 0.0007095851 | BV43: 0 | BW43: 15 | BX43: 1.2114294 | BY43: -0.46138224 | BZ43: =IF(BV43=1,BY43,NA()) -> #N/A
A44: 19 | B44: 0 | C44: 14 | D44: 29.047302 | E44: 11698 | F44: 4748 | G44: 2216 | H44: 4734 | I44: 18.7 | J44: 44.9 | K44: 7907 | L44: 28732 | M44: 9353 | N44: 3423 | O44: 3270.47 | P44: 78.8 | Q44: 3798 | R44: 0 | U44: 19 | V44: 0 | W44: 14 | X44: =(D44-D$23)/D$24 -> -0.88977887 | Y44: =(E44-E$23)/E$24 -> -0.33709895 | Z44: =(F44-F$23)/F$24 -> -0.27318059 | AA44: =(G44-G$23)/G$24 -> -0.61502016 | AB44: =(H44-H$23)/H$24 -> -0.2360045 | AC44: =(I44-I$23)/I$24 -> 1.2209025 | AD44: =(J44-J$23)/J$24 -> -0.30113983 | AE44: =(K44-K$23)/K$24 -> -0.52580931 | ... AL44: =(R44-R$23)/R$24 -> -0.40402567 | BG44: [13,] -0.179840925 0.55820108 0.1179666639 -0.079429644 0.229656736 -0.284542789 0.0002630365 0.0010307256 | BV44: 0 | BW44: 16 | BX44: 0.20114009 | BY44: 1.4811506 | BZ44: =IF(BV44=1,BY44,NA()) -> #N/A
A45: 20 | B45: 0 | C45: 14 | D45: 25.383759 | E45: 12504 | F45: 8543 | G45: 1104 | H45: 2857 | I45: 10.1 | J45: 21 | K45: 5831 | L45: 19378 | M45: 6566 | N45: 2308 | O45: 3373.06 | P45: 81.3 | Q45: 1245 | R45: 346 | U45: 20 | V45: 0 | W45: 14 | X45: =(D45-D$23)/D$24 -> -1.0031447 | Y45: =(E45-E$23)/E$24 -> -0.32199462 | Z45: =(F45-F$23)/F$24 -> 0.423476 | AA45: =(G45-G$23)/G$24 -> -0.73329477 | AB45: =(H45-H$23)/H$24 -> -0.27733553 | AC45: =(I45-I$23)/I$24 -> -0.41169678 | AD45: =(J45-J$23)/J$24 -> -0.31936125 | AE45: =(K45-K$23)/K$24 -> -0.63224659 | ... AL45: =(R45-R$23)/R$24 -> -0.21463278 | BG45: [14,] -0.308064107 0.00327799 0.1095057579 0.021131959 -0.130886934 0.088934537 0.0087516782 0.8746829306 | BV45: 0 | BW45: 17 | BX45: 0.24982489 | BY45: 1.5209062 | BZ45: =IF(BV45=1,BY45,NA()) -> #N/A
A46: 21 | B46: 0 | C46: 14 | D46: 88.875256 | E46: 13237 | F46: 6586 | G46: 2189 | H46: 4462 | I46: 20.1 | J46: 30.3 | K46: 10068 | L46: 32316 | M46: 9253 | N46: 3971 | O46: 3165.95 | P46: 76.3 | Q46: 1988 | R46: 8 | U46: 21 | V46: 0 | W46: 14 | X46: =(D46-D$23)/D$24 -> 0.96155538 | Y46: =(E46-E$23)/E$24 -> -0.30825829 | Z46: =(F46-F$23)/F$24 -> 0.064225157 | AA46: =(G46-G$23)/G$24 -> -0.61789193 | AB46: =(H46-H$23)/H$24 -> -0.24199387 | AC46: =(I46-I$23)/I$24 -> 1.4866745 | AD46: =(J46-J$23)/J$24 -> -0.3122709 | AE46: =(K46-K$23)/K$24 -> -0.41501405 | ... AL46: =(R46-R$23)/R$24 -> -0.39964664 | AO46: Paste special: transposition & skip empty cells | BG46: [15,] 0.002697357 0.10442969 -0.6074939980 0.722363090 -0.052693848 -0.293051154 0.0074500027 0.0849288762 | BV46: 0 | BW46: 18 | BX46: 1.3650127 | BY46: 0.11562041 | BZ46: =IF(BV46=1,BY46,NA()) -> #N/A
A47: 22 | B47: 0 | C47: 14 | D47: 63.88595 | E47: 11567 | F47: 7480 | G47: 1102 | H47: 2985 | I47: 19.7 | J47: 25.3 | K47: 7483 | L47: 24610 | M47: 7643 | N47: 2663 | O47: 3181.04 | P47: 76.6 | Q47: 2480 | R47: 110 | U47: 22 | V47: 0 | W47: 14 | X47: =(D47-D$23)/D$24 -> 0.18827874 | Y47: =(E47-E$23)/E$24 -> -0.33955388 | Z47: =(F47-F$23)/F$24 -> 0.22833872 | AA47: =(G47-G$23)/G$24 -> -0.7335075 | AB47: =(H47-H$23)/H$24 -> -0.27451701 | AC47: =(I47-I$23)/I$24 -> 1.4107397 | AD47: =(J47-J$23)/J$24 -> -0.31608292 | AE47: =(K47-K$23)/K$24 -> -0.54754795 | ... AL47: =(R47-R$23)/R$24 -> -0.34381406 | BG47: [,9] [,10] [,11] [,12] [,13] [,14] [,15] | BV47: 0 | BW47: 19 | BX47: 1.4008256 | BY47: -0.43422468 | BZ47: =IF(BV47=1,BY47,NA()) -> #N/A
A48: 23 | B48: 0 | C48: 14 | D48: 21.144336 | E48: 24363 | F48: 14203 | G48: 4702 | H48: 5458 | I48: 8.7 | J48: 191.2 | K48: 16365 | L48: 50385 | M48: 14653 | N48: 5393 | O48: 3253.13 | P48: 78.4 | Q48: 0 | R48: 205 | U48: 23 | V48: 0 | W48: 14 | X48: =(D48-D$23)/D$24 -> -1.1343306 | Y48: =(E48-E$23)/E$24 -> -0.099758494 | Z48: =(F48-F$23)/F$24 -> 1.4624948 | AA48: =(G48-G$23)/G$24 -> -0.35060407 | AB48: =(H48-H$23)/H$24 -> -0.22006222 | AC48: =(I48-I$23)/I$24 -> -0.67746876 | AD48: =(J48-J$23)/J$24 -> -0.18960031 | AE48: =(K48-K$23)/K$24 -> -0.092164555 | ... AL48: =(R48-R$23)/R$24 -> -0.29181312 | AP48: odległość | AQ48: XA02 | AR48: XA03 | AS48: XA04 | AT48: XA05 | AU48: XA06 | AV48: XA17 | AW48: XA19 | AX48: XA20 | AY48: XA21 | AZ48: XA28 | BA48: XA30 | BB48: XA31 | BC48: XA40 | BD48: XA41 | BG48: [1,] -0.009707127 -0.001546615 0.006336927 0.009274255 0.0046929314 9.820170e-05 0.000000e+00 | BV48: 0 | BW48: 20 | BX48: 1.328675 | BY48: 0.11934944 | BZ48: =IF(BV48=1,BY48,NA()) -> #N/A
A49: 24 | B49: 0 | C49: 14 | D49: 100.37418 | E49: 18679 | F49: 7867 | G49: 5640 | H49: 5172 | I49: 13.9 | J49: 1980.2 | K49: 10832 | L49: 38398 | M49: 12089 | N49: 4106 | O49: 4698.55 | P49: 113.2 | Q49: 1100 | R49: 300 | U49: 24 | V49: 0 | W49: 14 | X49: =(D49-D$23)/D$24 -> 1.3173817 | Y49: =(E49-E$23)/E$24 -> -0.20627592 | Z49: =(F49-F$23)/F$24 -> 0.29938117 | AA49: =(G49-G$23)/G$24 -> -0.25083645 | AB49: =(H49-H$23)/H$24 -> -0.22635986 | AC49: =(I49-I$23)/I$24 -> 0.30968431 | AD49: =(J49-J$23)/J$24 -> 1.1743381 | AE49: =(K49-K$23)/K$24 -> -0.37584349 | ... AL49: =(R49-R$23)/R$24 -> -0.23981219 | AO49: odległość | AP49: =VARP(PCA!$X$26:$X$405) -> 0.99736842 | AQ49: -0.14931069 | AR49: 0.025230277 | AS49: -0.24620532 | AT49: -0.12749857 | AU49: 0.20698687 | AV49: -0.087396931 | AW49: -0.18283135 | AX49: -0.19609437 | AY49: -0.17944283 | AZ49: -0.12762288 | BA49: -0.1850523 | BB49: -0.18497237 | BC49: -0.18905873 | BD49: -0.083587772 | BG49: [2,] 0.079195502 -0.426070482 -0.179916616 0.267140664 -0.0025704910 -6.399929e-05 -7.525504e-01 | BV49: 0 | BW49: 21 | BX49: 1.6039222 | BY49: -1.2454588 | BZ49: =IF(BV49=1,BY49,NA()) -> #N/A
A50: 25 | B50: 0 | C50: 14 | D50: 98.266562 | E50: 21269 | F50: 3590 | G50: 7286 | H50: 10393 | I50: 9.9 | J50: 464.8 | K50: 14898 | L50: 49747 | M50: 14165 | N50: 7603 | O50: 4714.08 | P50: 113.6 | Q50: 5098 | R50: 330 | U50: 25 | V50: 0 | W50: 14 | X50: =(D50-D$23)/D$24 -> 1.2521628 | Y50: =(E50-E$23)/E$24 -> -0.15773965 | Z50: =(F50-F$23)/F$24 -> -0.48575722 | AA50: =(G50-G$23)/G$24 -> -0.075764497 | AB50: =(H50-H$23)/H$24 -> -0.11139485 | AC50: =(I50-I$23)/I$24 -> -0.44966421 | AD50: =(J50-J$23)/J$24 -> 0.018993056 | AE50: =(K50-K$23)/K$24 -> -0.16737818 | ... AL50: =(R50-R$23)/R$24 -> -0.22339084 | AO50: XA02 | AP50: -0.14931069 | AQ50: =VARP(PCA!$Y$26:$Y$405) -> 0.99736842 | AR50: 0.0075680303 | AS50: 0.88000166 | AT50: 0.98883704 | AU50: -0.29178594 | AV50: 0.94296103 | AW50: 0.95564903 | AX50: 0.96710957 | AY50: 0.97355692 | AZ50: 0.98431667 | BA50: 0.39139964 | BB50: 0.3915704 | BC50: 0.89035706 | BD50: -0.027142446 | BG50: [3,] 0.163303843 -0.045898721 0.018259027 -0.072544249 0.0048147975 -5.426347e-05 7.682370e-02 | BV50: 0 | BW50: 22 | BX50: 1.7031679 | BY50: -1.0506995 | BZ50: =IF(BV50=1,BY50,NA()) -> #N/A
A51: 26 | B51: 0 | C51: 14 | D51: 40.242662 | E51: 38105 | F51: 3191 | G51: 9468 | H51: 25446 | I51: 4.3 | J51: 772.7 | K51: 22592 | L51: 69495 | M51: 20870 | N51: 18287 | O51: 4525.62 | P51: 109 | Q51: 11646 | R51: 9321 | U51: 26 | V51: 0 | W51: 14 | X51: =(D51-D$23)/D$24 -> -0.54334629 | Y51: =(E51-E$23)/E$24 -> 0.1577648 | Z51: =(F51-F$23)/F$24 -> -0.55900254 | AA51: =(G51-G$23)/G$24 -> 0.15631753 | AB51: =(H51-H$23)/H$24 -> 0.22006813 | AC51: =(I51-I$23)/I$24 -> -1.5127521 | AD51: =(J51-J$23)/J$24 -> 0.25373684 | AE51: =(K51-K$23)/K$24 -> 0.22709602 | ... AL51: =(R51-R$23)/R$24 -> 4.6980873 | AO51: XA03 | AP51: 0.025230277 | AQ51: 0.0075680303 | AR51: =VARP(PCA!$Z$26:$Z$405) -> 0.99736842 | AS51: -0.13081133 | AT51: -0.083661696 | AU51: 0.01815027 | AV51: -0.076258864 | AW51: 0.076411554 | AX51: 0.02426466 | AY51: -0.025510287 | AZ51: -0.069448091 | BA51: -0.28569362 | BB51: -0.28575055 | BC51: -0.21953623 | BD51: 0.0003727294 | BG51: [4,] 0.574924352 -0.131785570 -0.078497777 -0.141884768 -0.0150522564 -7.969696e-05 1.325914e-01 | BV51: 0 | BW51: 23 | BX51: 0.71628687 | BY51: -0.65340149 | BZ51: =IF(BV51=1,BY51,NA()) -> #N/A
A52: 27 | B52: 0 | C52: 14 | D52: 101.12636 | E52: 24516 | F52: 12078 | G52: 4005 | H52: 8433 | I52: 14.4 | J52: 173.4 | K52: 16665 | L52: 54937 | M52: 16668 | N52: 6372 | O52: 3555.74 | P52: 85.7 | Q52: 2154 | R52: 157 | U52: 27 | V52: 0 | W52: 14 | X52: =(D52-D$23)/D$24 -> 1.3406571 | Y52: =(E52-E$23)/E$24 -> -0.096891294 | Z52: =(F52-F$23)/F$24 -> 1.0724038 | AA52: =(G52-G$23)/G$24 -> -0.42473843 | AB52: =(H52-H$23)/H$24 -> -0.15455352 | AC52: =(I52-I$23)/I$24 -> 0.40460287 | AD52: =(J52-J$23)/J$24 -> -0.20317108 | AE52: =(K52-K$23)/K$24 -> -0.076783445 | ... AL52: =(R52-R$23)/R$24 -> -0.31808728 | AO52: XA04 | AP52: -0.24620532 | AQ52: 0.88000166 | AR52: -0.13081133 | AS52: =VARP(PCA!$AA$26:$AA$405) -> 0.99736842 | AT52: 0.8432295 | AU52: -0.45234492 | AV52: 0.80527939 | AW52: 0.88780288 | AX52: 0.90439004 | AY52: 0.89380851 | AZ52: 0.85133123 | BA52: 0.49283884 | BB52: 0.49299427 | BC52: 0.83344537 | BD52: 0.041294244 | BG52: [5,] -0.045556562 -0.467852818 -0.197344787 0.351971354 -0.0004817098 -5.219214e-05 6.404573e-01 | BV52: 0 | BW52: 24 | BX52: -0.31124406 | BY52: 2.2743001 | BZ52: =IF(BV52=1,BY52,NA()) -> #N/A
A53: 28 | B53: 0 | C53: 14 | D53: 49.596161 | E53: 12652 | F53: 8563 | G53: 1340 | H53: 2749 | I53: 13.7 | J53: 22.7 | K53: 5851 | L53: 21625 | M53: 7587 | N53: 2610 | O53: 3476.69 | P53: 83.8 | Q53: 1010 | R53: 0 | U53: 28 | V53: 0 | W53: 14 | X53: =(D53-D$23)/D$24 -> -0.25390879 | Y53: =(E53-E$23)/E$24 -> -0.31922112 | Z53: =(F53-F$23)/F$24 -> 0.42714744 | AA53: =(G53-G$23)/G$24 -> -0.70819332 | AB53: =(H53-H$23)/H$24 -> -0.27971366 | AC53: =(I53-I$23)/I$24 -> 0.27171688 | AD53: =(J53-J$23)/J$24 -> -0.31806516 | AE53: =(K53-K$23)/K$24 -> -0.63122119 | ... AL53: =(R53-R$23)/R$24 -> -0.40402567 | AO53: XA05 | AP53: -0.12749857 | AQ53: 0.98883704 | AR53: -0.083661696 | AS53: 0.8432295 | AT53: =VARP(PCA!$AB$26:$AB$405) -> 0.99736842 | AU53: -0.25138434 | AV53: 0.95043186 | AW53: 0.92994298 | AX53: 0.94623046 | AY53: 0.96196745 | AZ53: 0.98867468 | BA53: 0.39214133 | BB53: 0.39231664 | BC53: 0.89997634 | BD53: -0.040486625 | BG53: [6,] 0.109434381 -0.017700880 -0.024673723 -0.015476602 -0.0070845120 -4.629760e-06 -1.110223e-15 | BV53: 0 | BW53: 25 | BX53: -0.41282989 | BY53: 2.8478315 | BZ53: =IF(BV53=1,BY53,NA()) -> #N/A
A54: 29 | B54: 0 | C54: 14 | D54: 97.389715 | E54: 30621 | F54: 3790 | G54: 10497 | H54: 16334 | I54: 6.7 | J54: 480.6 | K54: 23893 | L54: 75097 | M54: 24130 | N54: 15525 | O54: 3853.17 | P54: 92.8 | Q54: 22936 | R54: 0 | U54: 29 | V54: 0 | W54: 14 | X54: =(D54-D$23)/D$24 -> 1.2250294 | Y54: =(E54-E$23)/E$24 -> 0.017515614 | Z54: =(F54-F$23)/F$24 -> -0.44904278 | AA54: =(G54-G$23)/G$24 -> 0.26576409 | AB54: =(H54-H$23)/H$24 -> 0.019424356 | AC54: =(I54-I$23)/I$24 -> -1.057143 | AD54: =(J54-J$23)/J$24 -> 0.031039018 | AE54: =(K54-K$23)/K$24 -> 0.29379876 | ... AL54: =(R54-R$23)/R$24 -> -0.40402567 | AO54: XA06 | AP54: 0.20698687 | AQ54: -0.29178594 | AR54: 0.01815027 | AS54: -0.45234492 | AT54: -0.25138434 | AU54: =VARP(PCA!$AC$26:$AC$405) -> 0.99736842 | AV54: -0.25216387 | AW54: -0.30045272 | AX54: -0.29354107 | AY54: -0.27894475 | AZ54: -0.26278818 | BA54: -0.37471198 | BB54: -0.37472164 | BC54: -0.30102766 | BD54: -0.15724018 | BG54: [7,] 0.445626096 0.461290665 0.263568600 0.048565764 0.0129148426 1.165472e-04 -5.315193e-15 | BV54: 0 | BW54: 26 | BX54: -1.362262 | BY54: 3.3400777 | BZ54: =IF(BV54=1,BY54,NA()) -> #N/A
A55: 30 | B55: 0 | C55: 14 | D55: 86.181172 | E55: 13048 | F55: 8599 | G55: 1287 | H55: 3162 | I55: 23.7 | J55: 25.6 | K55: 7716 | L55: 26305 | M55: 8550 | N55: 2797 | O55: 3330.53 | P55: 80.2 | Q55: 2266 | R55: 0 | U55: 30 | V55: 0 | W55: 14 | X55: =(D55-D$23)/D$24 -> 0.87818883 | Y55: =(E55-E$23)/E$24 -> -0.31180013 | Z55: =(F55-F$23)/F$24 -> 0.43375604 | AA55: =(G55-G$23)/G$24 -> -0.71383051 | AB55: =(H55-H$23)/H$24 -> -0.27061952 | AC55: =(I55-I$23)/I$24 -> 2.1700882 | AD55: =(J55-J$23)/J$24 -> -0.3158542 | AE55: =(K55-K$23)/K$24 -> -0.53560195 | ... AL55: =(R55-R$23)/R$24 -> -0.40402567 | AO55: XA17 | AP55: -0.087396931 | AQ55: 0.94296103 | AR55: -0.076258864 | AS55: 0.80527939 | AT55: 0.95043186 | AU55: -0.25216387 | AV55: =VARP(PCA!$AD$26:$AD$405) -> 0.99736842 | AW55: 0.88855449 | AX55: 0.89303404 | AY55: 0.90263188 | AZ55: 0.9502138 | BA55: 0.42875015 | BB55: 0.42891776 | BC55: 0.83797875 | BD55: -0.0107969 | BG55: [8,] -0.337865301 0.503009827 -0.428163876 0.231249683 -0.4543384639 -4.499792e-04 5.809242e-14 | BV55: 0 | BW55: 27 | BX55: 0.7212424 | BY55: -0.64697431 | BZ55: =IF(BV55=1,BY55,NA()) -> #N/A
A56: 31 | B56: 0 | C56: 14 | D56: 111.96822 | E56: 11816 | F56: 6762 | G56: 1261 | H56: 3793 | I56: 20.7 | J56: 43.2 | K56: 8899 | L56: 28299 | M56: 8816 | N56: 3693 | O56: 3217.27 | P56: 77.5 | Q56: 2651 | R56: 0 | U56: 31 | V56: 0 | W56: 14 | X56: =(D56-D$23)/D$24 -> 1.676151 | Y56: =(E56-E$23)/E$24 -> -0.33488765 | Z56: =(F56-F$23)/F$24 -> 0.096533868 | AA56: =(G56-G$23)/G$24 -> -0.71659593 | AB56: =(H56-H$23)/H$24 -> -0.25672507 | AC56: =(I56-I$23)/I$24 -> 1.6005768 | AD56: =(J56-J$23)/J$24 -> -0.30243591 | AE56: =(K56-K$23)/K$24 -> -0.47494911 | ... AL56: =(R56-R$23)/R$24 -> -0.40402567 | AO56: XA19 | AP56: -0.18283135 | AQ56: 0.95564903 | AR56: 0.076411554 | AS56: 0.88780288 | AT56: 0.92994298 | AU56: -0.30045272 | AV56: 0.88855449 | AW56: =VARP(PCA!$AE$26:$AE$405) -> 0.99736842 | AX56: 0.98887734 | AY56: 0.96510328 | AZ56: 0.95319854 | BA56: 0.36911312 | BB56: 0.3692971 | BC56: 0.84865135 | BD56: 0.023090636 | BG56: [9,] -0.316562605 0.194444599 0.155135093 0.166476272 0.7913261976 1.562739e-03 -6.830647e-14 | BV56: 0 | BW56: 28 | BX56: 1.3581397 | BY56: -0.019292606 | BZ56: =IF(BV56=1,BY56,NA()) -> #N/A
A57: 32 | B57: 0 | C57: 14 | D57: 88.413979 | E57: 31778 | F57: 17699 | G57: 5699 | H57: 8380 | I57: 25.1 | J57: 106 | K57: 31187 | L57: 95741 | M57: 24533 | N57: 10576 | O57: 3130.03 | P57: 75.4 | Q57: 4612 | R57: 838 | U57: 32 | V57: 0 | W57: 14 | X57: =(D57-D$23)/D$24 -> 0.94728148 | Y57: =(E57-E$23)/E$24 -> 0.039197644 | Z57: =(F57-F$23)/F$24 -> 2.1042633 | AA57: =(G57-G$23)/G$24 -> -0.24456109 | AB57: =(H57-H$23)/H$24 -> -0.15572057 | AC57: =(I57-I$23)/I$24 -> 2.4358601 | AD57: =(J57-J$23)/J$24 -> -0.25455702 | AE57: =(K57-K$23)/K$24 -> 0.66776481 | ... AL57: =(R57-R$23)/R$24 -> 0.054677328 | AO57: XA20 | AP57: -0.19609437 | AQ57: 0.96710957 | AR57: 0.02426466 | AS57: 0.90439004 | AT57: 0.94623046 | AU57: -0.29354107 | AV57: 0.89303404 | AW57: 0.98887734 | AX57: =VARP(PCA!$AF$26:$AF$405) -> 0.99736842 | AY57: 0.98705648 | AZ57: 0.96200833 | BA57: 0.39454029 | BB57: 0.39472421 | BC57: 0.87877083 | BD57: -0.010752193 | BG57: [10,] -0.305867397 -0.189547680 0.747474429 -0.096892881 -0.3998200433 -9.716699e-04 3.155809e-14 | BV57: 0 | BW57: 29 | BX57: -0.6803798 | BY57: 0.82843155 | BZ57: =IF(BV57=1,BY57,NA()) -> #N/A
A58: 33 | B58: 0 | C58: 14 | D58: 56.925389 | E58: 18456 | F58: 8384 | G58: 3866 | H58: 6206 | I58: 9.4 | J58: 204.1 | K58: 9694 | L58: 33713 | M58: 11745 | N58: 3953 | O58: 3568.59 | P58: 86 | Q58: 2756 | R58: 0 | U58: 33 | V58: 0 | W58: 14 | X58: =(D58-D$23)/D$24 -> -0.027110934 | Y58: =(E58-E$23)/E$24 -> -0.21045491 | Z58: =(F58-F$23)/F$24 -> 0.39428801 | AA58: =(G58-G$23)/G$24 -> -0.43952275 | AB58: =(H58-H$23)/H$24 -> -0.20359146 | AC58: =(I58-I$23)/I$24 -> -0.54458277 | AD58: =(J58-J$23)/J$24 -> -0.17976532 | AE58: =(K58-K$23)/K$24 -> -0.43418917 | ... AL58: =(R58-R$23)/R$24 -> -0.40402567 | AO58: XA21 | AP58: -0.17944283 | AQ58: 0.97355692 | AR58: -0.025510287 | AS58: 0.89380851 | AT58: 0.96196745 | AU58: -0.27894475 | AV58: 0.90263188 | AW58: 0.96510328 | AX58: 0.98705648 | AY58: =VARP(PCA!$AG$26:$AG$405) -> 0.99736842 | AZ58: 0.96862756 | BA58: 0.40389363 | BB58: 0.40406645 | BC58: 0.89250483 | BD58: -0.048535065 | BG58: [11,] -0.207273485 -0.082523316 -0.289691480 -0.828237647 0.0812478618 -1.316917e-04 -4.379830e-14 | BV58: 0 | BW58: 30 | BX58: 1.7059125 | BY58: -1.1608881 | BZ58: =IF(BV58=1,BY58,NA()) -> #N/A
A59: 34 | B59: 0 | C59: 14 | D59: 114.0508 | E59: 42858 | F59: 6388 | G59: 12407 | H59: 24063 | I59: 13.2 | J59: 1403.2 | K59: 51165 | L59: 146740 | M59: 37138 | N59: 28848 | O59: 3634.53 | P59: 87.6 | Q59: 15423 | R59: 268 | U59: 34 | V59: 0 | W59: 14 | X59: =(D59-D$23)/D$24 -> 1.740595 | Y59: =(E59-E$23)/E$24 -> 0.24683541 | Z59: =(F59-F$23)/F$24 -> 0.027877857 | AA59: =(G59-G$23)/G$24 -> 0.46891563 | AB59: =(H59-H$23)/H$24 -> 0.18961484 | AC59: =(I59-I$23)/I$24 -> 0.17679832 | AD59: =(J59-J$23)/J$24 -> 0.73443172 | AE59: =(K59-K$23)/K$24 -> 1.6920442 | ... AL59: =(R59-R$23)/R$24 -> -0.25732829 | AO59: XA28 | AP59: -0.12762288 | AQ59: 0.98431667 | AR59: -0.069448091 | AS59: 0.85133123 | AT59: 0.98867468 | AU59: -0.26278818 | AV59: 0.9502138 | AW59: 0.95319854 | AX59: 0.96200833 | AY59: 0.96862756 | AZ59: =VARP(PCA!$AH$26:$AH$405) -> 0.99736842 | BA59: 0.38951458 | BB59: 0.38969613 | BC59: 0.8951921 | BD59: -0.013433613 | BG59: [12,] -0.037856849 -0.020721951 -0.014987759 -0.002109873 -0.0024551915 7.070556e-01 -1.268902e-12 | BV59: 0 | BW59: 31 | BX59: 1.7154702 | BY59: -1.2912984 | BZ59: =IF(BV59=1,BY59,NA()) -> #N/A
A60: 35 | B60: 0 | C60: 14 | D60: 26.584423 | E60: 18710 | F60: 10318 | G60: 3004 | H60: 5388 | I60: 11.3 | J60: 254.6 | K60: 12691 | L60: 41213 | M60: 13101 | N60: 4740 | O60: 3273.22 | P60: 78.9 | Q60: 1200 | R60: 164 | U60: 35 | V60: 0 | W60: 14 | X60: =(D60-D$23)/D$24 -> -0.96599094 | Y60: =(E60-E$23)/E$24 -> -0.20569498 | Z60: =(F60-F$23)/F$24 -> 0.74931669 | AA60: =(G60-G$23)/G$24 -> -0.53120685 | AB60: =(H60-H$23)/H$24 -> -0.2216036 | AC60: =(I60-I$23)/I$24 -> -0.18389223 | AD60: =(J60-J$23)/J$24 -> -0.14126399 | AE60: =(K60-K$23)/K$24 -> -0.28053188 | ... AL60: =(R60-R$23)/R$24 -> -0.31425563 | AO60: XA30 | AP60: -0.1850523 | AQ60: 0.39139964 | AR60: -0.28569362 | AS60: 0.49283884 | AT60: 0.39214133 | AU60: -0.37471198 | AV60: 0.42875015 | AW60: 0.36911312 | AX60: 0.39454029 | AY60: 0.40389363 | AZ60: 0.38951458 | BA60: =VARP(PCA!$AI$26:$AI$405) -> 0.99736842 | BB60: 0.99736554 | BC60: 0.47158394 | BD60: 0.012047117 | BG60: [13,] -0.037784943 -0.020096772 -0.015255139 -0.001624036 0.0001137868 -7.071554e-01 1.269929e-12 | BV60: 0 | BW60: 32 | BX60: 0.62122343 | BY60: -2.7213244 | BZ60: =IF(BV60=1,BY60,NA()) -> #N/A
A61: 36 | B61: 0 | C61: 14 | D61: 62.002216 | E61: 7880 | F61: 3442 | G61: 1506 | H61: 2932 | I61: 30.8 | J61: 14.7 | K61: 7645 | L61: 25214 | M61: 7382 | N61: 3038 | O61: 3103.03 | P61: 74.8 | Q61: 3456 | R61: 230 | U61: 36 | V61: 0 | W61: 14 | X61: =(D61-D$23)/D$24 -> 0.12998792 | Y61: =(E61-E$23)/E$24 -> -0.40864778 | Z61: =(F61-F$23)/F$24 -> -0.51292591 | AA61: =(G61-G$23)/G$24 -> -0.69053722 | AB61: =(H61-H$23)/H$24 -> -0.27568405 | AC61: =(I61-I$23)/I$24 -> 3.5179318 | AD61: =(J61-J$23)/J$24 -> -0.32416439 | AE61: =(K61-K$23)/K$24 -> -0.53924215 | ... AL61: =(R61-R$23)/R$24 -> -0.27812866 | AO61: XA31 | AP61: -0.18497237 | AQ61: 0.3915704 | AR61: -0.28575055 | AS61: 0.49299427 | AT61: 0.39231664 | AU61: -0.37472164 | AV61: 0.42891776 | AW61: 0.3692971 | AX61: 0.39472421 | AY61: 0.40406645 | AZ61: 0.38969613 | BA61: 0.99736554 | BB61: =VARP(PCA!$AJ$26:$AJ$405) -> 0.99736842 | BC61: 0.4718028 | BD61: 0.012012259 | BG61: [14,] 0.264617039 0.177962492 0.016660411 -0.008360779 -0.0204879144 2.729642e-04 2.831069e-15 | BV61: 0 | BW61: 33 | BX61: 0.82075551 | BY61: 0.29994983 | BZ61: =IF(BV61=1,BY61,NA()) -> #N/A
A62: 37 | B62: 0 | C62: 14 | D62: 69.923158 | E62: 29810 | F62: 12870 | G62: 7257 | H62: 9683 | I62: 13.3 | J62: 133.5 | K62: 23177 | L62: 67047 | M62: 18516 | N62: 7393 | O62: 3671.07 | P62: 88.4 | Q62: 4003 | R62: 778 | U62: 37 | V62: 0 | W62: 14 | X62: =(D62-D$23)/D$24 -> 0.37509594 | Y62: =(E62-E$23)/E$24 -> 0.0023175795 | Z62: =(F62-F$23)/F$24 -> 1.217793 | AA62: =(G62-G$23)/G$24 -> -0.078848996 | AB62: =(H62-H$23)/H$24 -> -0.12702886 | AC62: =(I62-I$23)/I$24 -> 0.19578203 | AD62: =(J62-J$23)/J$24 -> -0.23359095 | AE62: =(K62-K$23)/K$24 -> 0.25708918 | ... AL62: =(R62-R$23)/R$24 -> 0.021834631 | AO62: XA40 | AP62: -0.18905873 | AQ62: 0.89035706 | AR62: -0.21953623 | AS62: 0.83344537 | AT62: 0.89997634 | AU62: -0.30102766 | AV62: 0.83797875 | AW62: 0.84865135 | AX62: 0.87877083 | AY62: 0.89250483 | AZ62: 0.8951921 | BA62: 0.47158394 | BB62: 0.4718028 | BC62: =VARP(PCA!$AK$26:$AK$405) -> 0.99736842 | BD62: -0.073933704 | BG62: [15,] 0.005362859 -0.030476672 0.036153803 0.006349686 -0.0008558018 -1.684679e-05 6.106227e-16 | BV62: 0 | BW62: 34 | BX62: -1.7782844 | BY62: -0.84626584 | BZ62: =IF(BV62=1,BY62,NA()) -> #N/A
A63: 38 | B63: 0 | C63: 14 | D63: 76.047364 | E63: 22617 | F63: 5554 | G63: 5931 | H63: 11132 | I63: 15.2 | J63: 369.1 | K63: 16493 | L63: 57173 | M63: 16661 | N63: 7325 | O63: 3702.17 | P63: 89.2 | Q63: 8244 | R63: 200 | U63: 38 | V63: 0 | W63: 14 | X63: =(D63-D$23)/D$24 -> 0.5646052 | Y63: =(E63-E$23)/E$24 -> -0.13247831 | Z63: =(F63-F$23)/F$24 -> -0.12522138 | AA63: =(G63-G$23)/G$24 -> -0.21988509 | AB63: =(H63-H$23)/H$24 -> -0.095122275 | AC63: =(I63-I$23)/I$24 -> 0.55647257 | AD63: =(J63-J$23)/J$24 -> -0.05396888 | AE63: =(K63-K$23)/K$24 -> -0.085601948 | ... AL63: =(R63-R$23)/R$24 -> -0.29455001 | AO63: XA41 | AP63: -0.083587772 | AQ63: -0.027142446 | AR63: 0.0003727294 | AS63: 0.041294244 | AT63: -0.040486625 | AU63: -0.15724018 | AV63: -0.0107969 | AW63: 0.023090636 | AX63: -0.010752193 | AY63: -0.048535065 | AZ63: -0.013433613 | BA63: 0.012047117 | BB63: 0.012012259 | BC63: -0.073933704 | BD63: =VARP(PCA!$AL$26:$AL$405) -> 0.99736842 | BV63: 0 | BW63: 35 | BX63: 0.94807199 | BY63: -0.47058966 | BZ63: =IF(BV63=1,BY63,NA()) -> #N/A
A64: 39 | B64: 0 | C64: 14 | D64: 61.089501 | E64: 41834 | F64: 1680 | G64: 11401 | H64: 28753 | I64: 6.2 | J64: 1470.4 | K64: 30937 | L64: 97720 | M64: 32119 | N64: 27125 | O64: 5064.05 | P64: 122 | Q64: 37881 | R64: 1964 | U64: 39 | V64: 0 | W64: 14 | X64: =(D64-D$23)/D$24 -> 0.10174458 | Y64: =(E64-E$23)/E$24 -> 0.22764578 | Z64: =(F64-F$23)/F$24 -> -0.83638016 | AA64: =(G64-G$23)/G$24 -> 0.36191539 | AB64: =(H64-H$23)/H$24 -> 0.29288737 | AC64: =(I64-I$23)/I$24 -> -1.1520616 | AD64: =(J64-J$23)/J$24 -> 0.78566518 | AE64: =(K64-K$23)/K$24 -> 0.65494722 | ... AL64: =(R64-R$23)/R$24 -> 0.67102527 | BV64: 0 | BW64: 36 | BX64: 1.9932179 | BY64: -1.5510221 | BZ64: =IF(BV64=1,BY64,NA()) -> #N/A
A65: 40 | B65: 0 | C65: 14 | D65: 100.73105 | E65: 22018 | F65: 7833 | G65: 6946 | H65: 7239 | I65: 12.2 | J65: 277.1 | K65: 14004 | L65: 46270 | M65: 13484 | N65: 5253 | O65: 3158.83 | P65: 76.1 | Q65: 2114 | R65: 0 | U65: 40 | V65: 0 | W65: 14 | X65: =(D65-D$23)/D$24 -> 1.3284245 | Y65: =(E65-E$23)/E$24 -> -0.14370349 | Z65: =(F65-F$23)/F$24 -> 0.29313972 | AA65: =(G65-G$23)/G$24 -> -0.1119276 | AB65: =(H65-H$23)/H$24 -> -0.18084508 | AC65: =(I65-I$23)/I$24 -> -0.013038813 | AD65: =(J65-J$23)/J$24 -> -0.12410993 | AE65: =(K65-K$23)/K$24 -> -0.21321389 | ... AL65: =(R65-R$23)/R$24 -> -0.40402567 | BG65: Eigenvalues | BH65: Eigenvalues | BI65: Eigenvalues | BV65: 0 | BW65: 37 | BX65: 0.20129461 | BY65: -0.24720642 | BZ65: =IF(BV65=1,BY65,NA()) -> #N/A
A66: 41 | B66: 0 | C66: 14 | D66: 36.371568 | E66: 12076 | F66: 5215 | G66: 2403 | H66: 4458 | I66: 20.6 | J66: 111.3 | K66: 10068 | L66: 33277 | M66: 9635 | N66: 3353 | O66: 3253.31 | P66: 78.4 | Q66: 4776 | R66: 114 | U66: 41 | V66: 0 | W66: 14 | X66: =(D66-D$23)/D$24 -> -0.66313458 | Y66: =(E66-E$23)/E$24 -> -0.33001528 | Z66: =(F66-F$23)/F$24 -> -0.18745236 | AA66: =(G66-G$23)/G$24 -> -0.59513045 | AB66: =(H66-H$23)/H$24 -> -0.24208195 | AC66: =(I66-I$23)/I$24 -> 1.5815931 | AD66: =(J66-J$23)/J$24 -> -0.25051629 | AE66: =(K66-K$23)/K$24 -> -0.41501405 | ... AL66: =(R66-R$23)/R$24 -> -0.34162454 | BH66: information content | BI66: cum_dist | BV66: 0 | BW66: 38 | BX66: 0.36057037 | BY66: 0.20899547 | BZ66: =IF(BV66=1,BY66,NA()) -> #N/A
A67: 42 | B67: 0 | C67: 14 | D67: 53.139646 | E67: 45441 | F67: 915 | G67: 17219 | H67: 27307 | I67: 10.3 | J67: 2273.1 | K67: 20771 | L67: 74692 | M67: 26268 | N67: 12394 | O67: 5078.16 | P67: 122.3 | Q67: 54970 | R67: 0 | U67: 42 | V67: 0 | W67: 14 | X67: =(D67-D$23)/D$24 -> -0.14425813 | Y67: =(E67-E$23)/E$24 -> 0.29524049 | Z67: =(F67-F$23)/F$24 -> -0.97681291 | AA67: =(G67-G$23)/G$24 -> 0.98072988 | AB67: =(H67-H$23)/H$24 -> 0.26104684 | AC67: =(I67-I$23)/I$24 -> -0.37372936 | AD67: =(J67-J$23)/J$24 -> 1.3976458 | AE67: =(K67-K$23)/K$24 -> 0.13373268 | ... AL67: =(R67-R$23)/R$24 -> -0.40402567 | BV67: 0 | BW67: 39 | BX67: -2.6577138 | BY67: 3.7513377 | BZ67: =IF(BV67=1,BY67,NA()) -> #N/A
A68: 43 | B68: 0 | C68: 14 | D68: 74.289512 | E68: 16263 | F68: 1560 | G68: 3442 | H68: 11261 | I68: 12.4 | J68: 300.6 | K68: 23759 | L68: 69521 | M68: 19962 | N68: 16101 | O68: 3889.27 | P68: 93.7 | Q68: 31924 | R68: 612 | U68: 43 | V68: 0 | W68: 14 | X68: =(D68-D$23)/D$24 -> 0.51020972 | Y68: =(E68-E$23)/E$24 -> -0.25155144 | Z68: =(F68-F$23)/F$24 -> -0.85840883 | AA68: =(G68-G$23)/G$24 -> -0.48462027 | AB68: =(H68-H$23)/H$24 -> -0.09228173 | AC68: =(I68-I$23)/I$24 -> 0.024928612 | AD68: =(J68-J$23)/J$24 -> -0.10619346 | AE68: =(K68-K$23)/K$24 -> 0.28692853 | ... AL68: =(R68-R$23)/R$24 -> -0.069030163 | BF68: [1,] | BG68: 9.008684 | BH68: =BG68/$BG$84 -> 0.60057893 | BI68: =BH68 -> 0.60057893 | BV68: 0 | BW68: 40 | BX68: 0.97075218 | BY68: -1.0747527 | BZ68: =IF(BV68=1,BY68,NA()) -> #N/A
A69: 44 | B69: 0 | C69: 14 | D69: 106.52829 | E69: 21675 | F69: 2026 | G69: 6279 | H69: 13370 | I69: 5.6 | J69: 362.6 | K69: 18568 | L69: 55199 | M69: 16889 | N69: 12463 | O69: 4211.62 | P69: 101.5 | Q69: 16406 | R69: 329 | U69: 44 | V69: 0 | W69: 14 | X69: =(D69-D$23)/D$24 -> 1.5078163 | Y69: =(E69-E$23)/E$24 -> -0.15013127 | Z69: =(F69-F$23)/F$24 -> -0.77286418 | AA69: =(G69-G$23)/G$24 -> -0.18287109 | AB69: =(H69-H$23)/H$24 -> -0.045842121 | AC69: =(I69-I$23)/I$24 -> -1.2659639 | AD69: =(J69-J$23)/J$24 -> -0.058924497 | AE69: =(K69-K$23)/K$24 -> 0.020784062 | ... AL69: =(R69-R$23)/R$24 -> -0.22393822 | BF69: [2,] | BG69: 1.88337 | BH69: =BG69/$BG$84 -> 0.125558 | BI69: =BI68+BH69 -> 0.72613693 | BV69: 0 | BW69: 41 | BX69: 1.3900934 | BY69: -0.67540576 | BZ69: =IF(BV69=1,BY69,NA()) -> #N/A
A70: 45 | B70: 0 | C70: 14 | D70: 24.737964 | E70: 25187 | F70: 7175 | G70: 6033 | H70: 11979 | I70: 8.7 | J70: 248.5 | K70: 16058 | L70: 53209 | M70: 15900 | N70: 8687 | O70: 4016.39 | P70: 96.8 | Q70: 3881 | R70: 313 | U70: 45 | V70: 0 | W70: 14 | X70: =(D70-D$23)/D$24 -> -1.0231283 | Y70: =(E70-E$23)/E$24 -> -0.084316841 | Z70: =(F70-F$23)/F$24 -> 0.1723492 | AA70: =(G70-G$23)/G$24 -> -0.20903616 | AB70: =(H70-H$23)/H$24 -> -0.076471564 | AC70: =(I70-I$23)/I$24 -> -0.67746876 | AD70: =(J70-J$23)/J$24 -> -0.14591464 | AE70: =(K70-K$23)/K$24 -> -0.10790456 | ... AL70: =(R70-R$23)/R$24 -> -0.23269627 | BF70: [3,] | BG70: 1.199963 | BH70: =BG70/$BG$84 -> 0.079997533 | BI70: =BI69+BH70 -> 0.80613447 | BV70: 0 | BW70: 42 | BX70: -2.5677239 | BY70: 3.7227901 | BZ70: =IF(BV70=1,BY70,NA()) -> #N/A
A71: 46 | B71: 0 | C71: 14 | D71: 126.34545 | E71: 31086 | F71: 8123 | G71: 8458 | H71: 14505 | I71: 8.7 | J71: 288.1 | K71: 31138 | L71: 93437 | M71: 26945 | N71: 14079 | O71: 3533.17 | P71: 85.1 | Q71: 2931 | R71: 102 | U71: 46 | V71: 0 | W71: 14 | X71: =(D71-D$23)/D$24 -> 2.1210444 | Y71: =(E71-E$23)/E$24 -> 0.026229654 | Z71: =(F71-F$23)/F$24 -> 0.34637566 | AA71: =(G71-G$23)/G$24 -> 0.048891841 | AB71: =(H71-H$23)/H$24 -> -0.020849728 | AC71: =(I71-I$23)/I$24 -> -0.67746876 | AD71: =(J71-J$23)/J$24 -> -0.1157235 | AE71: =(K71-K$23)/K$24 -> 0.66525257 | ... AL71: =(R71-R$23)/R$24 -> -0.34819308 | BF71: [4,] | BG71: 0.912339 | BH71: =BG71/$BG$84 -> 0.0608226 | BI71: =BI70+BH71 -> 0.86695707 | BV71: 0 | BW71: 43 | BX71: -0.22939953 | BY71: 0.96572385 | BZ71: =IF(BV71=1,BY71,NA()) -> #N/A
A72: 47 | B72: 0 | C72: 14 | D72: 31.006033 | E72: 25300 | F72: 14173 | G72: 3895 | H72: 7232 | I72: 16.9 | J72: 178 | K72: 21135 | L72: 70346 | M72: 19557 | N72: 7234 | O72: 3449.24 | P72: 83.1 | Q72: 215 | R72: 2249 | U72: 47 | V72: 0 | W72: 14 | X72: =(D72-D$23)/D$24 -> -0.82916731 | Y72: =(E72-E$23)/E$24 -> -0.082199236 | Z72: =(F72-F$23)/F$24 -> 1.4569876 | AA72: =(G72-G$23)/G$24 -> -0.43643825 | AB72: =(H72-H$23)/H$24 -> -0.18099922 | AC72: =(I72-I$23)/I$24 -> 0.87919569 | AD72: =(J72-J$23)/J$24 -> -0.19966403 | AE72: =(K72-K$23)/K$24 -> 0.15239509 | ... AL72: =(R72-R$23)/R$24 -> 0.82702808 | BF72: [5,] | BG72: 0.8615535 | BH72: =BG72/$BG$84 -> 0.0574369 | BI72: =BI71+BH72 -> 0.92439397 | BV72: 0 | BW72: 44 | BX72: -0.36724682 | BY72: 1.9298792 | BZ72: =IF(BV72=1,BY72,NA()) -> #N/A
A73: 48 | B73: 0 | C73: 14 | D73: 55.104669 | E73: 10831 | F73: 6975 | G73: 1005 | H73: 2851 | I73: 18.8 | J73: 9.1 | K73: 6947 | L73: 22952 | M73: 6862 | N73: 2109 | O73: 3365.55 | P73: 81.1 | Q73: 5294 | R73: 0 | U73: 48 | V73: 0 | W73: 14 | X73: =(D73-D$23)/D$24 -> -0.083451856 | Y73: =(E73-E$23)/E$24 -> -0.35334642 | Z73: =(F73-F$23)/F$24 -> 0.13563475 | AA73: =(G73-G$23)/G$24 -> -0.74382462 | AB73: =(H73-H$23)/H$24 -> -0.27746765 | AC73: =(I73-I$23)/I$24 -> 1.2398862 | AD73: =(J73-J$23)/J$24 -> -0.32843384 | AE73: =(K73-K$23)/K$24 -> -0.57502887 | ... AL73: =(R73-R$23)/R$24 -> -0.40402567 | BF73: [6,] | BG73: 0.6641781 | BH73: =BG73/$BG$84 -> 0.04427854 | BI73: =BI72+BH73 -> 0.96867251 | BV73: 0 | BW73: 45 | BX73: -0.076727657 | BY73: 1.4883795 | BZ73: =IF(BV73=1,BY73,NA()) -> #N/A
A74: 49 | B74: 0 | C74: 14 | D74: 115.72326 | E74: 23553 | F74: 16002 | G74: 2781 | H74: 4770 | I74: 15.2 | J74: 100.8 | K74: 18493 | L74: 56219 | M74: 13666 | N74: 5314 | O74: 3556.24 | P74: 85.7 | Q74: 50 | R74: 0 | U74: 49 | V74: 0 | W74: 14 | X74: =(D74-D$23)/D$24 -> 1.792348 | Y74: =(E74-E$23)/E$24 -> -0.11493779 | Z74: =(F74-F$23)/F$24 -> 1.7927412 | AA74: =(G74-G$23)/G$24 -> -0.55492559 | AB74: =(H74-H$23)/H$24 -> -0.23521179 | AC74: =(I74-I$23)/I$24 -> 0.55647257 | AD74: =(J74-J$23)/J$24 -> -0.25852152 | AE74: =(K74-K$23)/K$24 -> 0.016938785 | ... AL74: =(R74-R$23)/R$24 -> -0.40402567 | BF74: [7,] | BG74: 0.195273 | BH74: =BG74/$BG$84 -> 0.0130182 | BI74: =BI73+BH74 -> 0.98169071 | BV74: 0 | BW74: 46 | BX74: -0.26476253 | BY74: -0.5452876 | BZ74: =IF(BV74=1,BY74,NA()) -> #N/A
A75: 50 | B75: 0 | C75: 6 | D75: 94.053524 | E75: 32715 | F75: 19055 | G75: 3197 | H75: 10463 | I75: 12.9 | J75: 200.4 | K75: 21881 | L75: 69559 | M75: 21067 | N75: 6636 | O75: 3127.01 | P75: 75.3 | Q75: 2231 | R75: 2594 | U75: 50 | V75: 0 | W75: 6 | X75: =(D75-D$23)/D$24 -> 1.1217933 | Y75: =(E75-E$23)/E$24 -> 0.056756903 | Z75: =(F75-F$23)/F$24 -> 2.3531872 | AA75: =(G75-G$23)/G$24 -> -0.51067897 | AB75: =(H75-H$23)/H$24 -> -0.10985347 | AC75: =(I75-I$23)/I$24 -> 0.11984718 | AD75: =(J75-J$23)/J$24 -> -0.18258621 | AE75: =(K75-K$23)/K$24 -> 0.19064279 | ... AL75: =(R75-R$23)/R$24 -> 1.0158736 | BF75: [8,] | BG75: 0.1355759 | BH75: =BG75/$BG$84 -> 0.0090383934 | BI75: =BI74+BH75 -> 0.9907291 | BV75: 0 | BW75: 47 | BX75: 0.55175162 | BY75: -0.72215858 | BZ75: =IF(BV75=1,BY75,NA()) -> #N/A
A76: 51 | B76: 0 | C76: 6 | D76: 82.20873 | E76: 37717 | F76: 24486 | G76: 5386 | H76: 7845 | I76: 8 | J76: 69.4 | K76: 18818 | L76: 63886 | M76: 19943 | N76: 7535 | O76: 3343.68 | P76: 80.6 | Q76: 6252 | R76: 164 | U76: 51 | V76: 0 | W76: 6 | X76: =(D76-D$23)/D$24 -> 0.75526438 | Y76: =(E76-E$23)/E$24 -> 0.15049373 | Z76: =(F76-F$23)/F$24 -> 3.3501679 | AA76: =(G76-G$23)/G$24 -> -0.27785242 | AB76: =(H76-H$23)/H$24 -> -0.16750112 | AC76: =(I76-I$23)/I$24 -> -0.81035475 | AD76: =(J76-J$23)/J$24 -> -0.28246096 | AE76: =(K76-K$23)/K$24 -> 0.033601654 | ... AL76: =(R76-R$23)/R$24 -> -0.31425563 | BF76: [9,] | BG76: 0.07402956 | BH76: =BG76/$BG$84 -> 0.004935304 | BI76: =BI75+BH76 -> 0.99566441 | BV76: 0 | BW76: 48 | BX76: 1.550008 | BY76: -0.48518437 | BZ76: =IF(BV76=1,BY76,NA()) -> #N/A
A77: 52 | B77: 0 | C77: 6 | D77: 70 | E77: 22889 | F77: 16718 | G77: 1377 | H77: 4794 | I77: 16.9 | J77: 50.7 | K77: 14642 | L77: 50244 | M77: 14491 | N77: 3774 | O77: 3251.54 | P77: 78.3 | Q77: 3116 | R77: 553 | U77: 52 | V77: 0 | W77: 6 | X77: =(D77-D$23)/D$24 -> 0.37747376 | Y77: =(E77-E$23)/E$24 -> -0.12738106 | Z77: =(F77-F$23)/F$24 -> 1.9241789 | AA77: =(G77-G$23)/G$24 -> -0.70425793 | AB77: =(H77-H$23)/H$24 -> -0.23468332 | AC77: =(I77-I$23)/I$24 -> 0.87919569 | AD77: =(J77-J$23)/J$24 -> -0.29671789 | AE77: =(K77-K$23)/K$24 -> -0.1805034 | ... AL77: =(R77-R$23)/R$24 -> -0.10132548 | BF77: [10,] | BG77: 0.04057037 | BH77: =BG77/$BG$84 -> 0.0027046913 | BI77: =BI76+BH77 -> 0.9983691 | BV77: 0 | BW77: 49 | BX77: 0.9135588 | BY77: -1.0339674 | BZ77: =IF(BV77=1,BY77,NA()) -> #N/A
A78: 53 | B78: 0 | C78: 6 | D78: 106.42875 | E78: 20570 | F78: 13704 | G78: 1127 | H78: 5739 | I78: 17.7 | J78: 79.4 | K78: 11065 | L78: 40726 | M78: 14148 | N78: 4292 | O78: 3275.78 | P78: 78.9 | Q78: 3274 | R78: 330 | U78: 53 | V78: 0 | W78: 6 | X78: =(D78-D$23)/D$24 -> 1.504736 | Y78: =(E78-E$23)/E$24 -> -0.17083882 | Z78: =(F78-F$23)/F$24 -> 1.3708922 | AA78: =(G78-G$23)/G$24 -> -0.73084844 | AB78: =(H78-H$23)/H$24 -> -0.21387467 | AC78: =(I78-I$23)/I$24 -> 1.0310654 | AD78: =(J78-J$23)/J$24 -> -0.27483693 | AE78: =(K78-K$23)/K$24 -> -0.3638975 | ... AL78: =(R78-R$23)/R$24 -> -0.22339084 | BF78: [11,] | BG78: 0.01841834 | BH78: =BG78/$BG$84 -> 0.0012278893 | BI78: =BI77+BH78 -> 0.99959699 | BV78: 0 | BW78: 50 | BX78: 0.77677504 | BY78: -1.9402184 | BZ78: =IF(BV78=1,BY78,NA()) -> #N/A
A79: 54 | B79: 0 | C79: 6 | D79: 57.202253 | E79: 19042 | F79: 13527 | G79: 1891 | H79: 3624 | I79: 12.2 | J79: 54.8 | K79: 8478 | L79: 28992 | M79: 9425 | N79: 3407 | O79: 3436.38 | P79: 82.8 | Q79: 2004 | R79: 0 | U79: 54 | V79: 0 | W79: 6 | X79: =(D79-D$23)/D$24 -> -0.018543569 | Y79: =(E79-E$23)/E$24 -> -0.19947334 | Z79: =(F79-F$23)/F$24 -> 1.3384 | AA79: =(G79-G$23)/G$24 -> -0.64958783 | AB79: =(H79-H$23)/H$24 -> -0.2604464 | AC79: =(I79-I$23)/I$24 -> -0.013038813 | AD79: =(J79-J$23)/J$24 -> -0.29359204 | AE79: =(K79-K$23)/K$24 -> -0.49653393 | ... AL79: =(R79-R$23)/R$24 -> -0.40402567 | BF79: [12,] | BG79: 0.005014969 | BH79: =BG79/$BG$84 -> 0.00033433127 | BI79: =BI78+BH79 -> 0.99993132 | BV79: 0 | BW79: 51 | BX79: 0.50069183 | BY79: -1.5582055 | BZ79: =IF(BV79=1,BY79,NA()) -> #N/A
A80: 55 | B80: 0 | C80: 6 | D80: 49.844983 | E80: 21911 | F80: 13751 | G80: 3072 | H80: 5088 | I80: 15.1 | J80: 38.9 | K80: 10471 | L80: 39796 | M80: 15155 | N80: 3746 | O80: 3315.19 | P80: 79.9 | Q80: 9907 | R80: 1205 | U80: 55 | V80: 0 | W80: 6 | X80: =(D80-D$23)/D$24 -> -0.24620915 | Y80: =(E80-E$23)/E$24 -> -0.14570866 | Z80: =(F80-F$23)/F$24 -> 1.3795201 | AA80: =(G80-G$23)/G$24 -> -0.52397423 | AB80: =(H80-H$23)/H$24 -> -0.22820952 | AC80: =(I80-I$23)/I$24 -> 0.53748886 | AD80: =(J80-J$23)/J$24 -> -0.30571424 | AE80: =(K80-K$23)/K$24 -> -0.39435209 | ... AL80: =(R80-R$23)/R$24 -> 0.25556516 | BF80: [13,] | BG80: 0.00102739 | BH80: =BG80/$BG$84 -> 6.8492667e-05 | BI80: =BI79+BH80 -> 0.99999981 | BV80: 0 | BW80: 52 | BX80: 1.2235256 | BY80: -1.5307195 | BZ80: =IF(BV80=1,BY80,NA()) -> #N/A
... A82: 57 | B82: 0 | C82: 6 | D82: 32.478855 | E82: 26946 | F82: 15160 | G82: 4415 | H82: 7371 | I82: 14.1 | J82: 204.8 | K82: 16934 | L82: 55513 | M82: 17055 | N82: 5832 | O82: 3144.7 | P82: 75.8 | Q82: 8392 | R82: 330 | U82: 57 | V82: 0 | W82: 6 | X82: =(D82-D$23)/D$24 -> -0.78359188 | Y82: =(E82-E$23)/E$24 -> -0.051353409 | Z82: =(F82-F$23)/F$24 -> 1.6381734 | AA82: =(G82-G$23)/G$24 -> -0.38112998 | AB82: =(H82-H$23)/H$24 -> -0.17793848 | AC82: =(I82-I$23)/I$24 -> 0.34765173 | AD82: =(J82-J$23)/J$24 -> -0.17923164 | AE82: =(K82-K$23)/K$24 -> -0.062991717 | ... AL82: =(R82-R$23)/R$24 -> -0.22339084 | BF82: [15,] | BG82: 4.778308e-16 | BH82: =BG82/$BG$84 -> 3.1855387e-17 | BI82: =BI81+BH82 -> 1 | BV82: 0 | BW82: 54 | BX82: 1.2120505 | BY82: -0.46706463 | BZ82: =IF(BV82=1,BY82,NA()) -> #N/A
A83: 58 | B83: 0 | C83: 6 | D83: 11.704072 | E83: 41038 | F83: 26524 | G83: 4946 | H83: 9568 | I83: 10 | J83: 126.2 | K83: 30019 | L83: 94681 | M83: 26478 | N83: 11721 | O83: 3239.53 | P83: 78 | Q83: 5665 | R83: 2080 | U83: 58 | V83: 0 | W83: 6 | X83: =(D83-D$23)/D$24 -> -1.426453 | Y83: =(E83-E$23)/E$24 -> 0.21272884 | Z83: =(F83-F$23)/F$24 -> 3.7242881 | AA83: =(G83-G$23)/G$24 -> -0.32465172 | AB83: =(H83-H$23)/H$24 -> -0.12956113 | AC83: =(I83-I$23)/I$24 -> -0.4306805 | AD83: =(J83-J$23)/J$24 -> -0.23915649 | AE83: =(K83-K$23)/K$24 -> 0.60788103 | ... AL83: =(R83-R$23)/R$24 -> 0.73452115 | BV83: 0 | BW83: 55 | BX83: 1.084364 | BY83: -0.87180942 | BZ83: =IF(BV83=1,BY83,NA()) -> #N/A
A84: 59 | B84: 0 | C84: 6 | D84: 29.35135 | E84: 21002 | F84: 7793 | G84: 8218 | H84: 4991 | I84: 8.3 | J84: 348 | K84: 11094 | L84: 37550 | M84: 8757 | N84: 3279 | O84: 5112.84 | P84: 123.2 | Q84: 17131 | R84: 867 | U84: 59 | V84: 0 | W84: 6 | X84: =(D84-D$23)/D$24 -> -0.88037032 | Y84: =(E84-E$23)/E$24 -> -0.1627432 | Z84: =(F84-F$23)/F$24 -> 0.28579683 | AA84: =(G84-G$23)/G$24 -> 0.023364946 | AB84: =(H84-H$23)/H$24 -> -0.23034543 | AC84: =(I84-I$23)/I$24 -> -0.75340361 | AD84: =(J84-J$23)/J$24 -> -0.070055576 | AE84: =(K84-K$23)/K$24 -> -0.36241066 | ... AL84: =(R84-R$23)/R$24 -> 0.070551298 | BF84: TOTAL | BG84: =SUM(BG68:BG83) -> 15 | BH84: =SUM(BH68:BH83) -> 1 | BV84: 0 | BW84: 56 | BX84: 0.60725198 | BY84: -1.5780077 | BZ84: =IF(BV84=1,BY84,NA()) -> #N/A
A85: 60 | B85: 0 | C85: 6 | D85: 76.378077 | E85: 33651 | F85: 17763 | G85: 5864 | H85: 10024 | I85: 8.9 | J85: 143.9 | K85: 22805 | L85: 66338 | M85: 19454 | N85: 8292 | O85: 3065.51 | P85: 73.9 | Q85: 6673 | R85: 180 | U85: 60 | V85: 0 | W85: 6 | X85: =(D85-D$23)/D$24 -> 0.5748389 | Y85: =(E85-E$23)/E$24 -> 0.074297422 | Z85: =(F85-F$23)/F$24 -> 2.1160119 | AA85: =(G85-G$23)/G$24 -> -0.22701135 | AB85: =(H85-H$23)/H$24 -> -0.11952013 | AC85: =(I85-I$23)/I$24 -> -0.63950134 | AD85: =(J85-J$23)/J$24 -> -0.22566196 | AE85: =(K85-K$23)/K$24 -> 0.2380166 | ... AL85: =(R85-R$23)/R$24 -> -0.30549758 | BV85: 0 | BW85: 57 | BX85: 0.80642314 | BY85: -1.3640796 | BZ85: =IF(BV85=1,BY85,NA()) -> #N/A
A86: 61 | B86: 0 | C86: 6 | D86: 43.166129 | E86: 20667 | F86: 14218 | G86: 2103 | H86: 4346 | I86: 13 | J86: 103 | K86: 10754 | L86: 37757 | M86: 12453 | N86: 3866 | O86: 3257.97 | P86: 78.5 | Q86: 702 | R86: 580 | U86: 61 | V86: 0 | W86: 6 | X86: =(D86-D$23)/D$24 -> -0.45288162 | Y86: =(E86-E$23)/E$24 -> -0.16902106 | Z86: =(F86-F$23)/F$24 -> 1.4652484 | AA86: =(G86-G$23)/G$24 -> -0.62703907 | AB86: =(H86-H$23)/H$24 -> -0.24454816 | AC86: =(I86-I$23)/I$24 -> 0.13883089 | AD86: =(J86-J$23)/J$24 -> -0.25684423 | AE86: =(K86-K$23)/K$24 -> -0.37984258 | ... AL86: =(R86-R$23)/R$24 -> -0.086546268 | BF86: $vectors | BV86: 0 | BW86: 58 | BX86: 0.0020100326 | BY86: -1.7363361 | BZ86: =IF(BV86=1,BY86,NA()) -> #N/A
A87: 62 | B87: 0 | C87: 6 | D87: 52.973299 | E87: 11166 | F87: 6861 | G87: 1344 | H87: 2961 | I87: 12.2 | J87: 52.3 | K87: 6412 | L87: 21997 | M87: 7219 | N87: 2422 | O87: 3217.95 | P87: 77.5 | Q87: 8375 | R87: 0 | U87: 62 | V87: 0 | W87: 6 | X87: =(D87-D$23)/D$24 -> -0.14940561 | Y87: =(E87-E$23)/E$24 -> -0.34706856 | Z87: =(F87-F$23)/F$24 -> 0.11470752 | AA87: =(G87-G$23)/G$24 -> -0.70776788 | AB87: =(H87-H$23)/H$24 -> -0.27504548 | AC87: =(I87-I$23)/I$24 -> -0.013038813 | AD87: =(J87-J$23)/J$24 -> -0.29549805 | AE87: =(K87-K$23)/K$24 -> -0.60245851 | ... AL87: =(R87-R$23)/R$24 -> -0.40402567 | BV87: 0 | BW87: 59 | BX87: -0.67245049 | BY87: 4.1122742 | BZ87: =IF(BV87=1,BY87,NA()) -> #N/A
A88: 63 | B88: 0 | C88: 6 | D88: 41.729547 | E88: 37677 | F88: 13948 | G88: 9738 | H88: 13991 | I88: 8.9 | J88: 433.1 | K88: 19848 | L88: 69432 | M88: 25926 | N88: 9752 | O88: 4022.67 | P88: 96.9 | Q88: 18393 | R88: 381 | U88: 63 | V88: 0 | W88: 6 | X88: =(D88-D$23)/D$24 -> -0.49733565 | Y88: =(E88-E$23)/E$24 -> 0.14974414 | Z88: =(F88-F$23)/F$24 -> 1.4156839 | AA88: =(G88-G$23)/G$24 -> 0.18503528 | AB88: =(H88-H$23)/H$24 -> -0.032167869 | AC88: =(I88-I$23)/I$24 -> -0.63950134 | AD88: =(J88-J$23)/J$24 -> -0.0051751091 | AE88: =(K88-K$23)/K$24 -> 0.086410131 | ... AL88: =(R88-R$23)/R$24 -> -0.19547454 | BF88: [,1] | BG88: [,2] | BH88: [,3] | BI88: [,4] | BJ88: [,5] | BK88: [,6] | BL88: [,7] | BM88: [,8] | BN88: [,9] | BO88: [,10] | BP88: [,11] | BQ88: [,12] | BR88: [,13] | BS88: [,14] | BT88: [,15] | BV88: 0 | BW88: 60 | BX88: 0.56416397 | BY88: -1.7873865 | BZ88: =IF(BV88=1,BY88,NA()) -> #N/A
A89: 64 | B89: 0 | C89: 6 | D89: 65.345476 | E89: 19413 | F89: 11319 | G89: 2857 | H89: 5237 | I89: 12.8 | J89: 79.3 | K89: 11821 | L89: 37202 | M89: 11264 | N89: 3861 | O89: 3243.52 | P89: 78.1 | Q89: 986 | R89: 0 | U89: 64 | V89: 0 | W89: 6 | X89: =(D89-D$23)/D$24 -> 0.23344277 | Y89: =(E89-E$23)/E$24 -> -0.19252085 | Z89: =(F89-F$23)/F$24 -> 0.93307248 | AA89: =(G89-G$23)/G$24 -> -0.54684207 | AB89: =(H89-H$23)/H$24 -> -0.22492858 | AC89: =(I89-I$23)/I$24 -> 0.10086346 | AD89: =(J89-J$23)/J$24 -> -0.27491317 | AE89: =(K89-K$23)/K$24 -> -0.3251371 | ... AL89: =(R89-R$23)/R$24 -> -0.40402567 | BF89: 0.070802444 | BG89: -0.18723939 | BH89: 0.44626212 | BI89: 0.5152713 | BJ89: 0.66833572 | BK89: 0.16933139 | BL89: -0.13296219 | BM89: 0.044771812 | BN89: -0.009707127 | BO89: -0.001546615 | BP89: 0.006336927 | BQ89: 0.009274255 | BR89: 0.0046929314 | BS89: 9.82017e-05 | BT89: 0 | BV89: 0 | BW89: 61 | BX89: 1.191818 | BY89: -0.90412878 | BZ89: =IF(BV89=1,BY89,NA()) -> #N/A
A90: 65 | B90: 0 | C90: 6 | D90: 63.448946 | E90: 16364 | F90: 8049 | G90: 2843 | H90: 5472 | I90: 12.5 | J90: 66.6 | K90: 10377 | L90: 35540 | M90: 11471 | N90: 3854 | O90: 3207.52 | P90: 77.3 | Q90: 6168 | R90: 0 | U90: 65 | V90: 0 | W90: 6 | X90: =(D90-D$23)/D$24 -> 0.17475596 | Y90: =(E90-E$23)/E$24 -> -0.24965872 | Z90: =(F90-F$23)/F$24 -> 0.33279132 | AA90: =(G90-G$23)/G$24 -> -0.54833114 | AB90: =(H90-H$23)/H$24 -> -0.21975394 | AC90: =(I90-I$23)/I$24 -> 0.043912325 | AD90: =(J90-J$23)/J$24 -> -0.28459569 | AE90: =(K90-K$23)/K$24 -> -0.39917151 | ... AL90: =(R90-R$23)/R$24 -> -0.40402567 | BF90: -0.32532043 | BG90: -0.13417357 | BH90: 0.0008312344 | BI90: 0.008209226 | BJ90: 0.019957106 | BK90: -0.015622535 | BL90: 0.1255955 | BM90: -0.042410185 | BN90: 0.079195502 | BO90: -0.42607048 | BP90: -0.17991662 | BQ90: 0.26714066 | BR90: -0.002570491 | BS90: -6.399929e-05 | BT90: -0.7525504 | BV90: 0 | BW90: 62 | BX90: 1.4547529 | BY90: -0.42952182 | BZ90: =IF(BV90=1,BY90,NA()) -> #N/A
A91: 66 | B91: 0 | C91: 6 | D91: 23.508188 | E91: 18404 | F91: 6763 | G91: 5590 | H91: 6051 | I91: 14.3 | J91: 110 | K91: 12509 | L91: 44553 | M91: 15580 | N91: 5632 | O91: 4050.02 | P91: 97.6 | Q91: 28804 | R91: 520 | U91: 66 | V91: 0 | W91: 6 | X91: =(D91-D$23)/D$24 -> -1.0611829 | Y91: =(E91-E$23)/E$24 -> -0.21142938 | Z91: =(F91-F$23)/F$24 -> 0.096717441 | AA91: =(G91-G$23)/G$24 -> -0.25615456 | AB91: =(H91-H$23)/H$24 -> -0.20700452 | AC91: =(I91-I$23)/I$24 -> 0.38561916 | AD91: =(J91-J$23)/J$24 -> -0.25150741 | AE91: =(K91-K$23)/K$24 -> -0.28986309 | ... AL91: =(R91-R$23)/R$24 -> -0.11938896 | BF91: 0.032751824 | BG91: -0.36520585 | BH91: -0.41619448 | BI91: -0.41693775 | BJ91: 0.57844742 | BK91: -0.34471811 | BL91: 0.024582134 | BM91: 0.15545042 | BN91: 0.16330384 | BO91: -0.045898721 | BP91: 0.018259027 | BQ91: -0.072544249 | BR91: 0.0048147975 | BS91: -5.426347e-05 | BT91: 0.0768237 | BV91: 0 | BW91: 63 | BX91: -0.62303957 | BY91: 0.80297308 | BZ91: =IF(BV91=1,BY91,NA()) -> #N/A
A92: 67 | B92: 0 | C92: 6 | D92: 108.59836 | E92: 28714 | F92: 18310 | G92: 3508 | H92: 6896 | I92: 12.5 | J92: 75.7 | K92: 14788 | L92: 53528 | M92: 17389 | N92: 6573 | O92: 3144.81 | P92: 75.8 | Q92: 4591 | R92: 138 | U92: 67 | V92: 0 | W92: 6 | X92: =(D92-D$23)/D$24 -> 1.5718731 | Y92: =(E92-E$23)/E$24 -> -0.018221318 | Z92: =(F92-F$23)/F$24 -> 2.2164259 | AA92: =(G92-G$23)/G$24 -> -0.47760037 | AB92: =(H92-H$23)/H$24 -> -0.18839785 | AC92: =(I92-I$23)/I$24 -> 0.043912325 | AD92: =(J92-J$23)/J$24 -> -0.27765782 | AE92: =(K92-K$23)/K$24 -> -0.17301792 | ... AL92: =(R92-R$23)/R$24 -> -0.32848747 | BF92: -0.30835935 | BG92: 0.04211311 | BH92: -0.089865966 | BI92: 0.007670076 | BJ92: -0.037753206 | BK92: 0.14428061 | BL92: -0.64321286 | BM92: -0.25891233 | BN92: 0.57492435 | BO92: -0.13178557 | BP92: -0.078497777 | BQ92: -0.14188477 | BR92: -0.015052256 | BS92: -7.969696e-05 | BT92: 0.1325914 | BV92: 0 | BW92: 64 | BX92: 1.2082573 | BY92: -0.89142614 | BZ92: =IF(BV92=1,BY92,NA()) -> #N/A
A93: 68 | B93: 0 | C93: 6 | D93: 97.745437 | E93: 15099 | F93: 1365 | G93: 3044 | H93: 10690 | I93: 13.7 | J93: 71 | K93: 10265 | L93: 37000 | M93: 10149 | N93: 5830 | O93: 3643.59 | P93: 87.8 | Q93: 4020 | R93: 0 | U93: 68 | V93: 0 | W93: 6 | X93: =(D93-D$23)/D$24 -> 1.2360369 | Y93: =(E93-E$23)/E$24 -> -0.27336465 | Z93: =(F93-F$23)/F$24 -> -0.89420541 | AA93: =(G93-G$23)/G$24 -> -0.52695237 | AB93: =(H93-H$23)/H$24 -> -0.10485499 | AC93: =(I93-I$23)/I$24 -> 0.27171688 | AD93: =(J93-J$23)/J$24 -> -0.28124112 | AE93: =(K93-K$23)/K$24 -> -0.40491379 | ... AL93: =(R93-R$23)/R$24 -> -0.40402567 | BF93: -0.3223483 | BG93: -0.12256827 | BH93: 0.069504398 | BI93: 0.058070332 | BJ93: -0.038119621 | BK93: -0.006877267 | BL93: 0.2777905 | BM93: -0.014877688 | BN93: -0.045556562 | BO93: -0.46785282 | BP93: -0.19734479 | BQ93: 0.35197135 | BR93: -0.0004817098 | BS93: -5.219214e-05 | BT93: 0.6404573 | BV93: 0 | BW93: 65 | BX93: 1.2158774 | BY93: -0.70155208 | BZ93: =IF(BV93=1,BY93,NA()) -> #N/A
A94: 69 | B94: 0 | C94: 6 | D94: 64.101138 | E94: 9801 | F94: 5159 | G94: 1420 | H94: 3222 | I94: 20.8 | J94: 21 | K94: 6981 | L94: 24530 | M94: 7769 | N94: 2734 | O94: 3267.12 | P94: 78.7 | Q94: 1979 | R94: 104 | U94: 69 | V94: 0 | W94: 6 | X94: =(D94-D$23)/D$24 -> 0.1949376 | Y94: =(E94-E$23)/E$24 -> -0.37264849 | Z94: =(F94-F$23)/F$24 -> -0.1977324 | AA94: =(G94-G$23)/G$24 -> -0.69968436 | AB94: =(H94-H$23)/H$24 -> -0.26929833 | AC94: =(I94-I$23)/I$24 -> 1.6195605 | AD94: =(J94-J$23)/J$24 -> -0.31936125 | AE94: =(K94-K$23)/K$24 -> -0.57328567 | ... AL94: =(R94-R$23)/R$24 -> -0.34709833 | BF94: 0.12554294 | BG94: -0.29655225 | BH94: 0.4351509 | BI94: 0.083645277 | BJ94: -0.29402619 | BK94: -0.75341323 | BL94: -0.18065154 | BM94: -0.0061074135 | BN94: 0.10943438 | BO94: -0.01770088 | BP94: -0.024673723 | BQ94: -0.015476602 | BR94: -0.007084512 | BS94: -4.62976e-06 | BT94: -1.110223e-15 | BV94: 0 | BW94: 66 | BX94: 0.1282775 | BY94: 1.3967184 | BZ94: =IF(BV94=1,BY94,NA()) -> #N/A
A95: 70 | B95: 0 | C95: 6 | D95: 75.391544 | E95: 34115 | F95: 24726 | G95: 3621 | H95: 5768 | I95: 13.9 | J95: 74.3 | K95: 19079 | L95: 67288 | M95: 22026 | N95: 6390 | O95: 3021.19 | P95: 72.8 | Q95: 1317 | R95: 182 | U95: 70 | V95: 0 | W95: 6 | X95: =(D95-D$23)/D$24 -> 0.54431131 | Y95: =(E95-E$23)/E$24 -> 0.082992721 | Z95: =(F95-F$23)/F$24 -> 3.3942253 | AA95: =(G95-G$23)/G$24 -> -0.46558146 | AB95: =(H95-H$23)/H$24 -> -0.2132361 | AC95: =(I95-I$23)/I$24 -> 0.30968431 | AD95: =(J95-J$23)/J$24 -> -0.27872519 | AE95: =(K95-K$23)/K$24 -> 0.046983219 | ... AL95: =(R95-R$23)/R$24 -> -0.30440282 | BF95: -0.31141012 | BG95: -0.08822512 | BH95: 0.0739291 | BI95: 0.094581459 | BJ95: 0.031084447 | BK95: -0.054147109 | BL95: 0.5213963 | BM95: -0.34887119 | BN95: 0.4456261 | BO95: 0.46129066 | BP95: 0.2635686 | BQ95: 0.048565764 | BR95: 0.012914843 | BS95: 0.0001165472 | BT95: -5.315193e-15 | BV95: 0 | BW95: 67 | BX95: 1.0630636 | BY95: -1.9216637 | BZ95: =IF(BV95=1,BY95,NA()) -> #N/A
A96: 71 | B96: 1 | C96: 6 | D96: 0 | E96: 124252 | F96: 4960 | G96: 22277 | H96: 97015 | I96: 7.9 | J96: 1643.5 | K96: 56090 | L96: 209771 | M96: 74866 | N96: 43922 | O96: 4060.17 | P96: 97.8 | Q96: 103178 | R96: 0 | U96: 71 | V96: 1 | W96: 6 | X96: =(D96-D$23)/D$24 -> -1.7886273 | Y96: =(E96-E$23)/E$24 -> 1.7721484 | Z96: =(F96-F$23)/F$24 -> -0.23426328 | AA96: =(G96-G$23)/G$24 -> 1.5187092 | AB96: =(H96-H$23)/H$24 -> 1.7959981 | AC96: =(I96-I$23)/I$24 -> -0.82933847 | AD96: =(J96-J$23)/J$24 -> 0.91763708 | AE96: =(K96-K$23)/K$24 -> 1.9445507 | ... AL96: =(R96-R$23)/R$24 -> -0.40402567 | BF96: -0.31871357 | BG96: -0.14589517 | BH96: -0.084803358 | BI96: -0.013518199 | BJ96: 0.036821442 | BK96: -0.055045492 | BL96: -0.2173854 | BM96: -0.087883215 | BN96: -0.3378653 | BO96: 0.50300983 | BP96: -0.42816388 | BQ96: 0.23124968 | BR96: -0.45433846 | BS96: -0.0004499792 | BT96: 5.809242e-14 | BV96: 0 | BW96: 68 | BX96: 0.92396922 | BY96: 0.45002281 | BZ96: =IF(BV96=1,BY96,NA()) -> #N/A
A97: 72 | B97: 0 | C97: 6 | D97: 65.420124 | E97: 15473 | F97: 1606 | G97: 3257 | H97: 10610 | I97: 14.7 | J97: 90.7 | K97: 9986 | L97: 40766 | M97: 13518 | N97: 5843 | O97: 3371.93 | P97: 81.2 | Q97: 17187 | R97: 0 | U97: 72 | V97: 0 | W97: 6 | X97: =(D97-D$23)/D$24 -> 0.2357527 | Y97: =(E97-E$23)/E$24 -> -0.26635594 | Z97: =(F97-F$23)/F$24 -> -0.84996451 | AA97: =(G97-G$23)/G$24 -> -0.50429725 | AB97: =(H97-H$23)/H$24 -> -0.10661657 | AC97: =(I97-I$23)/I$24 -> 0.46155401 | AD97: =(J97-J$23)/J$24 -> -0.26622178 | AE97: =(K97-K$23)/K$24 -> -0.41921822 | ... AL97: =(R97-R$23)/R$24 -> -0.40402567 | BF97: -0.3238117 | BG97: -0.1258351 | BH97: -0.043333675 | BI97: -0.025261866 | BJ97: -0.002171374 | BK97: -0.039718657 | BL97: -0.24171518 | BM97: -0.02802858 | BN97: -0.3165626 | BO97: 0.1944446 | BP97: 0.15513509 | BQ97: 0.16647627 | BR97: 0.7913262 | BS97: 0.001562739 | BT97: -6.830647e-14 | BV97: 0 | BW97: 69 | BX97: 1.6619946 | BY97: -0.75412075 | BZ97: =IF(BV97=1,BY97,NA()) -> #N/A
A98: 73 | B98: 0 | C98: 6 | D98: 77.211117 | E98: 19054 | F98: 1774 | G98: 3179 | H98: 14101 | I98: 14 | J98: 126.6 | K98: 10826 | L98: 41219 | M98: 12743 | N98: 7800 | O98: 3684.12 | P98: 88.8 | Q98: 28318 | R98: 0 | U98: 73 | V98: 0 | W98: 6 | X98: =(D98-D$23)/D$24 -> 0.60061672 | Y98: =(E98-E$23)/E$24 -> -0.19924847 | Z98: =(F98-F$23)/F$24 -> -0.81912438 | AA98: =(G98-G$23)/G$24 -> -0.51259349 | AB98: =(H98-H$23)/H$24 -> -0.029745699 | AC98: =(I98-I$23)/I$24 -> 0.32866802 | AD98: =(J98-J$23)/J$24 -> -0.23885153 | AE98: =(K98-K$23)/K$24 -> -0.37615111 | ... AL98: =(R98-R$23)/R$24 -> -0.40402567 | BF98: -0.3246782 | BG98: -0.11737013 | BH98: 0.012476668 | BI98: -0.020089306 | BJ98: -0.023718924 | BK98: -0.016836523 | BL98: -0.14791739 | BM98: -0.0087754878 | BN98: -0.3058674 | BO98: -0.18954768 | BP98: 0.74747443 | BQ98: -0.096892881 | BR98: -0.39982004 | BS98: -0.0009716699 | BT98: 3.155809e-14 | BV98: 0 | BW98: 70 | BX98: 0.96173334 | BY98: -2.6020312 | BZ98: =IF(BV98=1,BY98,NA()) -> #N/A
A99: 74 | B99: 0 | C99: 12 | D99: 50.669488 | E99: 40957 | F99: 1377 | G99: 14111 | H99: 25469 | I99: 8.2 | J99: 342.6 | K99: 17586 | L99: 68033 | M99: 25025 | N99: 11400 | O99: 3668.76 | P99: 88.4 | Q99: 44582 | R99: 0 | U99: 74 | V99: 0 | W99: 12 | X99: =(D99-D$23)/D$24 -> -0.22069544 | Y99: =(E99-E$23)/E$24 -> 0.21121091 | Z99: =(F99-F$23)/F$24 -> -0.89200255 | AA99: =(G99-G$23)/G$24 -> 0.65015658 | AB99: =(H99-H$23)/H$24 -> 0.22057458 | AC99: =(I99-I$23)/I$24 -> -0.77238733 | AD99: =(J99-J$23)/J$24 -> -0.074172551 | AE99: =(K99-K$23)/K$24 -> -0.029563438 | ... AL99: =(R99-R$23)/R$24 -> -0.40402567 | BF99: -0.32392219 | BG99: -0.12636488 | BH99: 0.042712768 | BI99: 0.071464633 | BJ99: -0.026658728 | BK99: -0.012929563 | BL99: 0.20704738 | BM99: -0.046431696 | BN99: -0.20727349 | BO99: -0.082523316 | BP99: -0.28969148 | BQ99: -0.82823765 | BR99: 0.081247862 | BS99: -0.0001316917 | BT99: -4.37983e-14 | BV99: 1 | BW99: 71 | BX99: -5.4922427 | BY99: 0.39751995 | BZ99: =IF(BV99=1,BY99,NA()) -> 0.39751995
A100: 75 | B100: 0 | C100: 12 | D100: 35.597359 | E100: 29632 | F100: 11958 | G100: 8253 | H100: 9421 | I100: 7 | J100: 367.2 | K100: 22045 | L100: 65909 | M100: 17462 | N100: 8617 | O100: 3464.39 | P100: 83.5 | Q100: 11742 | R100: 216 | U100: 75 | V100: 0 | W100: 12 | X100: =(D100-D$23)/D$24 -> -0.68709192 | Y100: =(E100-E$23)/E$24 -> -0.0010181174 | Z100: =(F100-F$23)/F$24 -> 1.0503751 | AA100: =(G100-G$23)/G$24 -> 0.027087619 | AB100: =(H100-H$23)/H$24 -> -0.13279803 | AC100: =(I100-I$23)/I$24 -> -1.0001919 | AD100: =(J100-J$23)/J$24 -> -0.055417445 | AE100: =(K100-K$23)/K$24 -> 0.19905113 | ... AL100: =(R100-R$23)/R$24 -> -0.28579196 | BF100: -0.17978414 | BG100: 0.55827565 | BH100: 0.11788529 | BI100: -0.079511578 | BJ100: 0.22966835 | BK100: -0.28462869 | BL100: 0.0003836538 | BM100: 0.0007095851 | BN100: -0.037856849 | BO100: -0.020721951 | BP100: -0.014987759 | BQ100: -0.002109873 | BR100: -0.0024551915 | BS100: 0.7070556 | BT100: -1.268902e-12 | BV100: 0 | BW100: 72 | BX100: 0.92011148 | BY100: -0.071775847 | BZ100: =IF(BV100=1,BY100,NA()) -> #N/A
... A103: 78 | B103: 0 | C103: 12 | D103: 102.20406 | E103: 34037 | F103: 18795 | G103: 5410 | H103: 9832 | I103: 11.3 | J103: 121.5 | K103: 21617 | L103: 68057 | M103: 19466 | N103: 7818 | O103: 3060.43 | P103: 73.7 | Q103: 4710 | R103: 107 | U103: 78 | V103: 0 | W103: 12 | X103: =(D103-D$23)/D$24 -> 1.3740058 | Y103: =(E103-E$23)/E$24 -> 0.081531011 | Z103: =(F103-F$23)/F$24 -> 2.3054584 | AA103: =(G103-G$23)/G$24 -> -0.27529973 | AB103: =(H103-H$23)/H$24 -> -0.12374792 | AC103: =(I103-I$23)/I$24 -> -0.18389223 | AD103: =(J103-J$23)/J$24 -> -0.24273978 | AE103: =(K103-K$23)/K$24 -> 0.17710741 | ... AL103: =(R103-R$23)/R$24 -> -0.34545619 | BF103: 0.002697357 | BG103: 0.10442969 | BH103: -0.607494 | BI103: 0.72236309 | BJ103: -0.052693848 | BK103: -0.29305115 | BL103: 0.0074500027 | BM103: 0.084928876 | BN103: 0.005362859 | BO103: -0.030476672 | BP103: 0.036153803 | BQ103: 0.006349686 | BR103: -0.0008558018 | BS103: -1.684679e-05 | BT103: 6.106227e-16 | BV103: 0 | BW103: 75 | BX103: 0.00022435842 | BY103: -0.12956817 | BZ103: =IF(BV103=1,BY103,NA()) -> #N/A
A104: 79 | B104: 0 | C104: 12 | D104: 11.551546 | E104: 69276 | F104: 19844 | G104: 18413 | H104: 31019 | I104: 6.5 | J104: 1231.8 | K104: 53471 | L104: 169881 | M104: 47138 | N104: 28740 | O104: 4204.13 | P104: 101.3 | Q104: 34604 | R104: 553 | U104: 79 | V104: 0 | W104: 12 | X104: =(D104-D$23)/D$24 -> -1.4311728 | Y104: =(E104-E$23)/E$24 -> 0.7419053 | Z104: =(F104-F$23)/F$24 -> 2.4980257 | AA104: =(G104-G$23)/G$24 -> 1.1077262 | AB104: =(H104-H$23)/H$24 -> 0.34278408 | AC104: =(I104-I$23)/I$24 -> -1.0951104 | AD104: =(J104-J$23)/J$24 -> 0.6037559 | AE104: =(K104-K$23)/K$24 -> 1.8102737 | ... AL104: =(R104-R$23)/R$24 -> -0.10132548 | BV104: 0 | BW104: 76 | BX104: -1.1882732 | BY104: 0.36232978 | BZ104: =IF(BV104=1,BY104,NA()) -> #N/A
A105: 80 | B105: 0 | C105: 12 | D105: 45.386743 | E105: 39419 | F105: 23131 | G105: 6036 | H105: 10252 | I105: 13.5 | J105: 128.4 | K105: 30830 | L105: 79879 | M105: 18990 | N105: 9621 | O105: 3167.23 | P105: 76.3 | Q105: 2189 | R105: 1650 | U105: 80 | V105: 0 | W105: 12 | X105: =(D105-D$23)/D$24 -> -0.38416628 | Y105: =(E105-E$23)/E$24 -> 0.18238899 | Z105: =(F105-F$23)/F$24 -> 3.1014276 | AA105: =(G105-G$23)/G$24 -> -0.20871708 | AB105: =(H105-H$23)/H$24 -> -0.11449964 | AC105: =(I105-I$23)/I$24 -> 0.23374945 | AD105: =(J105-J$23)/J$24 -> -0.2374792 | AE105: =(K105-K$23)/K$24 -> 0.64946129 | ... AL105: =(R105-R$23)/R$24 -> 0.49914849 | BV105: 0 | BW105: 77 | BX105: -0.41201182 | BY105: -2.385777 | BZ105: =IF(BV105=1,BY105,NA()) -> #N/A
A106: 81 | B106: 0 | C106: 12 | D106: 37.095272 | E106: 16409 | F106: 10585 | G106: 807 | H106: 5017 | I106: 8.8 | J106: 86 | K106: 8468 | L106: 30128 | M106: 10996 | N106: 4390 | O106: 3189.73 | P106: 76.8 | Q106: 100 | R106: 0 | U106: 81 | V106: 0 | W106: 12 | X106: =(D106-D$23)/D$24 -> -0.64074006 | Y106: =(E106-E$23)/E$24 -> -0.24881542 | Z106: =(F106-F$23)/F$24 -> 0.79833047 | AA106: =(G106-G$23)/G$24 -> -0.7648843 | AB106: =(H106-H$23)/H$24 -> -0.22977292 | AC106: =(I106-I$23)/I$24 -> -0.65848505 | AD106: =(J106-J$23)/J$24 -> -0.26980508 | AE106: =(K106-K$23)/K$24 -> -0.49704664 | ... AL106: =(R106-R$23)/R$24 -> -0.40402567 | BV106: 0 | BW106: 78 | BX106: 0.73953234 | BY106: -2.1534713 | BZ106: =IF(BV106=1,BY106,NA()) -> #N/A
A107: 82 | B107: 0 | C107: 12 | D107: 27.656897 | E107: 32248 | F107: 13918 | G107: 7792 | H107: 10538 | I107: 7.5 | J107: 239.1 | K107: 27081 | L107: 79039 | M107: 18900 | N107: 12108 | O107: 3094.21 | P107: 74.5 | Q107: 3247 | R107: 0 | U107: 82 | V107: 0 | W107: 12 | X107: =(D107-D$23)/D$24 -> -0.93280398 | Y107: =(E107-E$23)/E$24 -> 0.048005383 | Z107: =(F107-F$23)/F$24 -> 1.4101767 | AA107: =(G107-G$23)/G$24 -> -0.021945293 | AB107: =(H107-H$23)/H$24 -> -0.10820199 | AC107: =(I107-I$23)/I$24 -> -0.90527332 | AD107: =(J107-J$23)/J$24 -> -0.15308123 | AE107: =(K107-K$23)/K$24 -> 0.45724869 | ... AL107: =(R107-R$23)/R$24 -> -0.40402567 | BV107: 0 | BW107: 79 | BX107: -3.2556648 | BY107: 0.3810256 | BZ107: =IF(BV107=1,BY107,NA()) -> #N/A
A108: 83 | B108: 0 | C108: 12 | D108: 77.018252 | E108: 51072 | F108: 27300 | G108: 8621 | H108: 15151 | I108: 13.6 | J108: 333.3 | K108: 49549 | L108: 132622 | M108: 30723 | N108: 15426 | O108: 3142.18 | P108: 75.7 | Q108: 7113 | R108: 30 | U108: 83 | V108: 0 | W108: 12 | X108: =(D108-D$23)/D$24 -> 0.59464866 | Y108: =(E108-E$23)/E$24 -> 0.4007647 | Z108: =(F108-F$23)/F$24 -> 3.8667402 | AA108: =(G108-G$23)/G$24 -> 0.066228858 | AB108: =(H108-H$23)/H$24 -> -0.0066249832 | AC108: =(I108-I$23)/I$24 -> 0.25273317 | AD108: =(J108-J$23)/J$24 -> -0.081262896 | AE108: =(K108-K$23)/K$24 -> 1.6091913 | ... AL108: =(R108-R$23)/R$24 -> -0.38760432 | BV108: 0 | BW108: 80 | BX108: 0.35433864 | BY108: -2.0173026 | BZ108: =IF(BV108=1,BY108,NA()) -> #N/A
A109: 84 | B109: 0 | C109: 12 | D109: 61.228117 | E109: 33085 | F109: 1074 | G109: 11040 | H109: 20971 | I109: 7.6 | J109: 450.3 | K109: 15710 | L109: 52066 | M109: 16127 | N109: 9682 | O109: 3302.29 | P109: 79.6 | Q109: 14508 | R109: 0 | U109: 84 | V109: 0 | W109: 12 | X109: =(D109-D$23)/D$24 -> 0.10603396 | Y109: =(E109-E$23)/E$24 -> 0.063690655 | Z109: =(F109-F$23)/F$24 -> -0.94762493 | AA109: =(G109-G$23)/G$24 -> 0.32351869 | AB109: =(H109-H$23)/H$24 -> 0.12152984 | AC109: =(I109-I$23)/I$24 -> -0.8862896 | AD109: =(J109-J$23)/J$24 -> 0.0079382169 | AE109: =(K109-K$23)/K$24 -> -0.12574664 | ... AL109: =(R109-R$23)/R$24 -> -0.40402567 | BV109: 0 | BW109: 81 | BX109: 1.2604941 | BY109: -0.54089073 | BZ109: =IF(BV109=1,BY109,NA()) -> #N/A
A110: 85 | B110: 0 | C110: 12 | D110: 38.168634 | E110: 40035 | F110: 11454 | G110: 13410 | H110: 15171 | I110: 8.7 | J110: 333.6 | K110: 31834 | L110: 99922 | M110: 27782 | N110: 16206 | O110: 3115.83 | P110: 75.1 | Q110: 17661 | R110: 0 | U110: 85 | V110: 0 | W110: 12 | X110: =(D110-D$23)/D$24 -> -0.60752562 | Y110: =(E110-E$23)/E$24 -> 0.19393275 | Z110: =(F110-F$23)/F$24 -> 0.95785473 | AA110: =(G110-G$23)/G$24 -> 0.57559678 | AB110: =(H110-H$23)/H$24 -> -0.0061845886 | AC110: =(I110-I$23)/I$24 -> -0.67746876 | AD110: =(J110-J$23)/J$24 -> -0.081034175 | AE110: =(K110-K$23)/K$24 -> 0.70093674 | ... AL110: =(R110-R$23)/R$24 -> -0.40402567 | BV110: 0 | BW110: 82 | BX110: 0.15178142 | BY110: -1.1859793 | BZ110: =IF(BV110=1,BY110,NA()) -> #N/A
A111: 86 | B111: 0 | C111: 12 | D111: 52.488936 | E111: 26672 | F111: 13316 | G111: 5190 | H111: 8166 | I111: 10.3 | J111: 321.9 | K111: 18656 | L111: 58644 | M111: 15683 | N111: 6485 | O111: 3171.11 | P111: 76.4 | Q111: 2008 | R111: 10 | U111: 86 | V111: 0 | W111: 12 | X111: =(D111-D$23)/D$24 -> -0.16439389 | Y111: =(E111-E$23)/E$24 -> -0.056488134 | Z111: =(F111-F$23)/F$24 -> 1.2996662 | AA111: =(G111-G$23)/G$24 -> -0.29869938 | AB111: =(H111-H$23)/H$24 -> -0.16043279 | AC111: =(I111-I$23)/I$24 -> -0.37372936 | AD111: =(J111-J$23)/J$24 -> -0.089954286 | AE111: =(K111-K$23)/K$24 -> 0.025295854 | ... AL111: =(R111-R$23)/R$24 -> -0.39855189 | BV111: 0 | BW111: 83 | BX111: -0.5692045 | BY111: -2.9931222 | BZ111: =IF(BV111=1,BY111,NA()) -> #N/A
A112: 87 | B112: 0 | C112: 12 | D112: 31.770987 | E112: 14246 | F112: 9990 | G112: 622 | H112: 3634 | I112: 9.4 | J112: 33.1 | K112: 7814 | L112: 27296 | M112: 8606 | N112: 3402 | O112: 3313.87 | P112: 79.8 | Q112: 3172 | R112: 0 | U112: 87 | V112: 0 | W112: 12 | X112: =(D112-D$23)/D$24 -> -0.80549635 | Y112: =(E112-E$23)/E$24 -> -0.28934976 | Z112: =(F112-F$23)/F$24 -> 0.689105 | AA112: =(G112-G$23)/G$24 -> -0.78456129 | AB112: =(H112-H$23)/H$24 -> -0.2602262 | AC112: =(I112-I$23)/I$24 -> -0.54458277 | AD112: =(J112-J$23)/J$24 -> -0.31013618 | AE112: =(K112-K$23)/K$24 -> -0.53057746 | ... AL112: =(R112-R$23)/R$24 -> -0.40402567 | BV112: 0 | BW112: 84 | BX112: 0.057642956 | BY112: 0.07809278 | BZ112: =IF(BV112=1,BY112,NA()) -> #N/A
...

Sheet road data
B1: Bezledy | C1: Biała Podlaska | D1: Białystok | E1: Bielsko - Biała | F1: Bydgoszcz | G1: Ciechanów | H1: Cieszyn | I1: Częstochowa | J1: Elbląg | K1: Gdańsk | L1: Gorzów Wielkopolski | M1: Hrebenne | N1: Jelenia Góra | O1: Kalisz | P1: Katowice | Q1: Kielce | R1: Konin | S1: Koszalin | T1: Kraków | U1: Kudowa-Słone | V1: Legnica | W1: Leszno | X1: Lublin | Y1: Łódź | Z1: Nowy Sącz | AA1: Olsztyn | AB1: Olszyna | AC1: Opole | AD1: Ostrołęka | AE1: Piotrków Trybunalski | AF1: Płock | AG1: Poznań | AH1: Przemyśl | AI1: Radom | AJ1: Rzeszów | AK1: Siedlce | AL1: Skierniewice | AM1: Słupsk | AN1: Suwałki | AO1: Szczecin | AP1: Świnoujście | AQ1: Tarnobrzeg | AR1: Tarnów | AS1: Terespol | AT1: Toruń | AU1: Warszawa | AV1: Włocławek | AW1: Wrocław | AX1: Zakopane | AY1: Zielona Góra
A2: =AY2 -> Bezledy | AY2: Bezledy
A3: =AY3 -> Biała Podlaska | B3: 382 | AY3: Biała Podlaska
A4: =AY4 -> Białystok | B4: 224 | C4: 154 | AY4: Białystok
A5: =AY5 -> Bielsko - Biała | B5: 622 | C5: 491 | D5: 542 | AY5: Bielsko - Biała
A6: =AY6 -> Bydgoszcz | B6: 288 | C6: 415 | D6: 400 | E6: 460 | AY6: Bydgoszcz
A7: =AY7 -> Ciechanów | B7: 208 | C7: 237 | D7: 190 | E7: 500 | F7: 205 | AY7: Ciechanów
A8: =AY8 -> Cieszyn | B8: 741 | C8: 496 | D8: 562 | E8: 35 | F8: 479 | G8: 472 | AY8: Cieszyn
A9: =AY9 -> Częstochowa | B9: 490 | C9: 383 | D9: 410 | E9: 130 | F9: 330 | G9: 320 | H9: 151 | AY9: Częstochowa
A10: =AY10 -> Elbląg | B10: 133 | C10: 428 | D10: 335 | E10: 595 | F10: 175 | G10: 220 | H10: 652 | I10: 500 | AY10: Elbląg
A11: =AY11 -> Gdańsk | B11: 192 | C11: 487 | D11: 395 | E11: 595 | F11: 170 | G11: 280 | H11: 670 | I11: 450 | J11: 60 | AY11: Gdańsk
A12: =AY12 -> Gorzów Wielkopolski | B12: 489 | C12: 600 | D12: 608 | E12: 495 | F12: 210 | G12: 425 | H12: 509 | I12: 435 | J12: 355 | K12: 315 | AY12: Gorzów Wielkopolski
A13: =AY13 -> Hrebenne | B13: 57 | C13: 245 | D13: 400 | E13: 392 | F13: 576 | G13: 412 | H13: 427 | I13: 401 | J13: 617 | K13: 660 | L13: 723 | AY13: Hrebenne
A14: =AY14 -> Jelenia Góra | B14: 647 | C14: 631 | D14: 630 | E14: 340 | F14: 375 | G14: 575 | H14: 277 | I14: 300 | J14: 520 | K14: 570 | L14: 255 | M14: 685 | AY14: Jelenia Góra
A15: =AY15 -> Kalisz | B15: 428 | C15: 416 | D15: 445 | E15: 300 | F15: 180 | G15: 265 | H15: 320 | I15: 195 | J15: 350 | K15: 300 | L15: 245 | M15: 479 | N15: 245 | AY15: Kalisz
A16: =AY16 -> Katowice | B16: 567 | C16: 460 | D16: 490 | E16: 55 | F16: 405 | G16: 400 | H16: 74 | I16: 75 | J16: 580 | K16: 530 | L16: 465 | M16: 433 | N16: 310 | O16: 270 | AY16: Katowice
A17: =AY17 -> Kielce | B17: 485 | C17: 268 | D17: 365 | E17: 225 | F17: 345 | G17: 275 | H17: 286 | I17: 135 | J17: 495 | K17: 505 | L17: 465 | M17: 266 | N17: 435 | O17: 220 | P17: 210 | AY17: Kielce
A18: =AY18 -> Konin | B18: 371 | C18: 364 | D18: 390 | E18: 340 | F18: 120 | G18: 205 | H18: 358 | I18: 209 | J18: 295 | K18: 245 | L18: 235 | M18: 486 | N18: 375 | O18: 55 | P18: 285 | Q18: 260 | AY18: Konin
A19: =AY19 -> Koszalin | B19: 395 | C19: 600 | D19: 585 | E19: 640 | F19: 185 | G19: 390 | H19: 664 | I19: 490 | J19: 260 | K19: 205 | L19: 225 | M19: 749 | N19: 485 | O19: 350 | P19: 590 | Q19: 530 | R19: 309 | AY19: Koszalin
A20: =AY20 -> Kraków | B20: 621 | C20: 374 | D20: 445 | E20: 85 | F20: 477 | G20: 415 | H20: 122 | I20: 150 | J20: 630 | K20: 610 | L20: 585 | M20: 306 | N20: 390 | O20: 340 | P20: 70 | Q20: 135 | R20: 355 | S20: 660 | AY20: Kraków
A21: =AY21 -> Kudowa-Słone | B21: 704 | C21: 621 | D21: 649 | E21: 256 | F21: 432 | G21: 559 | H21: 234 | I21: 238 | J21: 711 | K21: 645 | L21: 376 | M21: 595 | N21: 154 | O21: 260 | P21: 217 | Q21: 372 | R21: 317 | S21: 553 | T21: 289 | AY21: Kudowa-Słone
A22: =AY22 -> Legnica | B22: 580 | C22: 576 | D22: 610 | E22: 300 | F22: 375 | G22: 445 | H22: 313 | I22: 250 | J22: 455 | K22: 505 | L22: 215 | M22: 630 | N22: 65 | O22: 190 | P22: 270 | Q22: 370 | R22: 240 | S22: 420 | T22: 340 | U22: 159 | AY22: Legnica
A23: =AY23 -> Leszno | B23: 480 | C23: 505 | D23: 510 | E23: 325 | F23: 205 | G23: 345 | H23: 336 | I23: 275 | J23: 355 | K23: 405 | L23: 210 | M23: 604 | N23: 165 | O23: 125 | P23: 290 | Q23: 345 | R23: 140 | S23: 310 | T23: 369 | U23: 235 | V23: 100 | AY23: Leszno
A24: =AY24 -> Lublin | B24: 437 | C24: 121 | D24: 295 | E24: 340 | F24: 420 | G24: 280 | H24: 375 | I24: 290 | J24: 485 | K24: 515 | L24: 580 | M24: 144 | N24: 510 | O24: 335 | P24: 330 | Q24: 180 | R24: 369 | S24: 605 | T24: 255 | U24: 551 | V24: 485 | W24: 460 | AY24: Lublin
A25: =AY25 -> Łódź | B25: 364 | C25: 297 | D25: 215 | E25: 260 | F25: 205 | G25: 180 | H25: 277 | I25: 129 | J25: 375 | K25: 340 | L25: 345 | M25: 396 | N25: 355 | O25: 120 | P25: 205 | Q25: 135 | R25: 110 | S25: 450 | T25: 275 | U25: 344 | V25: 295 | W25: 245 | X25: 250 | AY25: Łódź
A26: =AY26 -> Nowy Sącz | B26: 662 | C26: 406 | D26: 510 | E26: 150 | F26: 520 | G26: 455 | H26: 187 | I26: 250 | J26: 675 | K26: 680 | L26: 650 | M26: 346 | N26: 490 | O26: 415 | P26: 175 | Q26: 175 | R26: 455 | S26: 765 | T26: 100 | U26: 390 | V26: 440 | W26: 465 | X26: 285 | Y26: 315 | AY26: Nowy Sącz
A27: =AY27 -> Olsztyn | B27: 89 | C27: 238 | D27: 235 | E27: 535 | F27: 200 | G27: 120 | H27: 522 | I27: 400 | J27: 100 | K27: 160 | L27: 410 | M27: 531 | N27: 560 | O27: 360 | P27: 480 | Q27: 395 | R27: 280 | S27: 310 | T27: 537 | U27: 615 | V27: 490 | W27: 390 | X27: 385 | Y27: 275 | Z27: 575 | AY27: Olsztyn
A28: =AY28 -> Olszyna | B28: 609 | C28: 662 | D28: 716 | E28: 458 | F28: 336 | G28: 497 | H28: 391 | I28: 457 | J28: 509 | K28: 487 | L28: 186 | M28: 729 | N28: 150 | O28: 282 | P28: 427 | Q28: 502 | R28: 298 | S28: 413 | T28: 466 | U28: 284 | V28: 125 | W28: 157 | X28: 585 | Y28: 395 | Z28: 567 | AA28: 535 | AY28: Olszyna
A29: =AY29 -> Opole | B29: 564 | C29: 477 | D29: 505 | E29: 145 | F29: 340 | G29: 415 | H29: 156 | I29: 95 | J29: 515 | K29: 515 | L29: 355 | M29: 515 | N29: 205 | O29: 165 | P29: 110 | Q29: 230 | R29: 220 | S29: 515 | T29: 185 | U29: 144 | V29: 155 | W29: 180 | X29: 405 | Y29: 200 | Z29: 285 | AA29: 475 | AB29: 282 | AY29: Opole
A30: =AY30 -> Ostrołęka | B30: 179 | C30: 203 | D30: 113 | E30: 514 | F30: 290 | G30: 84 | H30: 486 | I30: 335 | J30: 225 | K30: 284 | L30: 509 | M30: 402 | N30: 588 | O30: 346 | P30: 412 | Q30: 291 | R30: 294 | S30: 475 | T30: 427 | U30: 573 | V30: 533 | W30: 433 | X30: 258 | Y30: 253 | Z30: 468 | AA30: 125 | AB30: 581 | AC30: 429 | AY30: Ostrołęka
A31: =AY31 -> Piotrków Trybunalski | B31: 409 | C31: 297 | D31: 330 | E31: 215 | F31: 275 | G31: 240 | H31: 232 | I31: 80 | J31: 280 | K31: 410 | L31: 370 | M31: 351 | N31: 335 | O31: 130 | P31: 160 | Q31: 90 | R31: 155 | S31: 435 | T31: 237 | U31: 319 | V31: 280 | W31: 255 | X31: 205 | Y31: 45 | Z31: 270 | AA31: 310 | AB31: 378 | AC31: 175 | AD31: 254 | AY31: Piotrków Trybunalski
A32: =AY32 -> Płock | B32: 267 | C32: 274 | D32: 275 | E32: 355 | F32: 150 | G32: 85 | H32: 374 | I32: 229 | J32: 280 | K32: 285 | L32: 340 | M32: 424 | N32: 430 | O32: 185 | P32: 300 | Q32: 235 | R32: 129 | S32: 335 | T32: 380 | U32: 443 | V32: 375 | W32: 265 | X32: 280 | Y32: 95 | Z32: 440 | AA32: 180 | AB32: 413 | AC32: 315 | AD32: 168 | AE32: 140 | AY32: Płock
A33: =AY33 -> Poznań | B33: 403 | C33: 466 | D33: 485 | E33: 400 | F33: 130 | G33: 290 | H33: 413 | I33: 280 | J33: 305 | K33: 330 | L33: 135 | M33: 589 | N33: 245 | O33: 110 | P33: 360 | Q33: 330 | R33: 100 | S33: 240 | T33: 440 | U33: 317 | V33: 175 | W33: 75 | X33: 445 | Y33: 210 | Z33: 509 | AA33: 330 | AB33: 206 | AC33: 255 | AD33: 375 | AE33: 240 | AF33: 209 | AY33: Poznań
A34: =AY34 -> Przemyśl | B34: 642 | C34: 336 | D34: 470 | E34: 340 | F34: 590 | G34: 475 | H34: 374 | I34: 385 | J34: 695 | K34: 750 | L34: 710 | M34: 119 | N34: 610 | O34: 470 | P34: 325 | Q34: 250 | R34: 509 | S34: 770 | T34: 250 | U34: 580 | V34: 595 | W34: 615 | X34: 215 | Y34: 385 | Z34: 229 | AA34: 595 | AB34: 718 | AC34: 435 | AD34: 463 | AE34: 340 | AF34: 440 | AG34: 595 | AY34: Przemyśl
A35: =AY35 -> Radom | B35: 411 | C35: 94 | D35: 295 | E35: 295 | F35: 315 | G35: 205 | H35: 332 | I35: 185 | J35: 420 | K35: 450 | L35: 475 | M35: 248 | N35: 435 | O35: 230 | P35: 260 | Q35: 75 | R35: 269 | S35: 500 | T35: 210 | U35: 447 | V35: 380 | W35: 355 | X35: 105 | Y35: 150 | Z35: 250 | AA35: 310 | AB35: 481 | AC35: 305 | AD35: 217 | AE35: 105 | AF35: 170 | AG35: 340 | AH35: 270 | AY35: Radom
A36: =AY36 -> Rzeszów | B36: 609 | C36: 296 | D36: 430 | E36: 255 | F36: 525 | G36: 410 | H36: 290 | I36: 315 | J36: 625 | K36: 685 | L36: 645 | M36: 150 | N36: 560 | O36: 400 | P36: 240 | Q36: 180 | R36: 440 | S36: 705 | T36: 170 | U36: 496 | V36: 510 | W36: 525 | X36: 175 | Y36: 320 | Z36: 160 | AA36: 525 | AB36: 634 | AC36: 350 | AD36: 423 | AE36: 275 | AF36: 375 | AG36: 510 | AH36: 85 | AI36: 205 | AY36: Rzeszów
A37: =AY37 -> Siedlce | B37: 321 | C37: 61 | D37: 170 | E37: 480 | F37: 355 | G37: 175 | H37: 473 | I37: 320 | J37: 365 | K37: 425 | L37: 540 | M37: 260 | N37: 575 | O37: 355 | P37: 400 | Q37: 260 | R37: 309 | S37: 510 | T37: 395 | U37: 560 | V37: 520 | W37: 445 | X37: 115 | Y37: 235 | Z37: 409 | AA37: 265 | AB37: 601 | AC37: 415 | AD37: 142 | AE37: 240 | AF37: 215 | AG37: 405 | AH37: 330 | AI37: 185 | AJ37: 300 | AY37: Siedlce
A38: =AY38 -> Skierniewice | B38: 359 | C38: 242 | D38: 270 | E38: 300 | F38: 240 | G38: 175 | H38: 322 | I38: 170 | J38: 365 | K38: 365 | L38: 380 | M38: 362 | N38: 425 | O38: 180 | P38: 245 | Q38: 165 | R38: 145 | S38: 415 | T38: 320 | U38: 436 | V38: 370 | W38: 305 | X38: 220 | Y38: 60 | Z38: 369 | AA38: 270 | AB38: 457 | AC38: 265 | AD38: 194 | AE38: 90 | AF38: 90 | AG38: 245 | AH38: 385 | AI38: 115 | AJ38: 320 | AK38: 180 | AY38: Skierniewice
A39: =AY39 -> Słupsk | B39: 326 | C39: 587 | D39: 525 | E39: 660 | F39: 200 | G39: 360 | H39: 723 | I39: 570 | J39: 195 | K39: 135 | L39: 295 | M39: 727 | N39: 520 | O39: 380 | P39: 650 | Q39: 580 | R39: 320 | S39: 70 | T39: 720 | U39: 595 | V39: 455 | W39: 355 | X39: 595 | Y39: 405 | Z39: 770 | AA39: 295 | AB39: 482 | AC39: 535 | AD39: 410 | AE39: 490 | AF39: 355 | AG39: 280 | AH39: 810 | AI39: 530 | AJ39: 735 | AK39: 525 | AL39: 435 | AY39: Słupsk
A40: =AY40 -> Suwałki | B40: 186 | C40: 270 | D40: 116 | E40: 674 | F40: 408 | G40: 253 | H40: 646 | I40: 646 | J40: 309 | K40: 368 | L40: 616 | M40: 516 | N40: 748 | O40: 515 | P40: 572 | Q40: 451 | R40: 463 | S40: 519 | T40: 587 | U40: 736 | V40: 693 | W40: 579 | X40: 372 | Y40: 409 | Z40: 657 | AA40: 209 | AB40: 729 | AC40: 589 | AD40: 169 | AE40: 414 | AF40: 337 | AG40: 523 | AH40: 587 | AI40: 377 | AJ40: 547 | AK40: 282 | AL40: 354 | AM40: 502 | AY40: Suwałki
A41: =AY41 -> Szczecin | B41: 539 | C41: 675 | D41: 660 | E41: 600 | F41: 260 | G41: 465 | H41: 613 | I41: 550 | J41: 405 | K41: 365 | L41: 105 | M41: 825 | N41: 360 | O41: 350 | P41: 570 | Q41: 569 | R41: 340 | S41: 160 | T41: 690 | U41: 480 | V41: 320 | W41: 325 | X41: 680 | Y41: 450 | Z41: 641 | AA41: 460 | AB41: 290 | AC41: 455 | AD41: 550 | AE41: 475 | AF41: 410 | AG41: 240 | AH41: 835 | AI41: 580 | AJ41: 750 | AK41: 615 | AL41: 490 | AM41: 230 | AN41: 668 | AY41: Szczecin
A42: =AY42 -> Świnoujście | B42: 546 | C42: 675 | D42: 710 | E42: 728 | F42: 312 | G42: 518 | H42: 696 | I42: 631 | J42: 441 | K42: 354 | L42: 200 | M42: 877 | N42: 457 | O42: 438 | P42: 378 | Q42: 359 | R42: 378 | S42: 151 | T42: 798 | U42: 576 | V42: 417 | W42: 421 | X42: 733 | Y42: 538 | Z42: 842 | AA42: 467 | AB42: 386 | AC42: 553 | AD42: 602 | AE42: 566 | AF42: 464 | AG42: 328 | AH42: 924 | AI42: 658 | AJ42: 840 | AK42: 666 | AL42: 544 | AM42: 233 | AN42: 689 | AO42: 109 | AY42: Świnoujście
A43: =AY43 -> Tarnobrzeg | B43: 540 | C43: 225 | D43: 390 | E43: 233 | F43: 449 | G43: 332 | H43: 268 | I43: 241 | J43: 551 | K43: 610 | L43: 570 | M43: 160 | N43: 541 | O43: 326 | P43: 218 | Q43: 106 | R43: 365 | S43: 630 | T43: 146 | U43: 435 | V43: 492 | W43: 451 | X43: 134 | Y43: 243 | Z43: 151 | AA43: 451 | AB43: 591 | AC43: 335 | AD43: 346 | AE43: 198 | AF43: 299 | AG43: 436 | AH43: 142 | AI43: 129 | AJ43: 76 | AK43: 250 | AL43: 243 | AM43: 687 | AN43: 506 | AO43: 674 | AP43: 764 | AY43: Tarnobrzeg
A44: =AY44 -> Tarnów | B44: 603 | C44: 347 | D44: 480 | E44: 170 | F44: 460 | G44: 395 | H44: 205 | I44: 237 | J44: 615 | K44: 620 | L44: 580 | M44: 235 | N44: 475 | O44: 340 | P44: 155 | Q44: 120 | R44: 375 | S44: 615 | T44: 85 | U44: 372 | V44: 425 | W44: 445 | X44: 225 | Y44: 255 | Z44: 59 | AA44: 515 | AB44: 549 | AC44: 265 | AD44: 409 | AE44: 210 | AF44: 350 | AG44: 450 | AH44: 170 | AI44: 190 | AJ44: 85 | AK44: 340 | AL44: 300 | AM44: 700 | AN44: 598 | AO44: 729 | AP44: 763 | AQ44: 92 | AY44: Tarnów
A45: =AY45 -> Terespol | B45: 421 | C45: 39 | D45: 193 | E45: 530 | F45: 454 | G45: 276 | H45: 535 | I45: 422 | J45: 467 | K45: 526 | L45: 639 | M45: 284 | N45: 670 | O45: 455 | P45: 499 | Q45: 307 | R45: 403 | S45: 639 | T45: 413 | U45: 663 | V45: 620 | W45: 544 | X45: 160 | Y45: 336 | Z45: 445 | AA45: 367 | AB45: 701 | AC45: 516 | AD45: 242 | AE45: 336 | AF45: 313 | AG45: 505 | AH45: 375 | AI45: 233 | AJ45: 335 | AK45: 100 | AL45: 281 | AM45: 626 | AN45: 309 | AO45: 714 | AP45: 766 | AQ45: 264 | AR45: 386 | AY45: Terespol
A46: =AY46 -> Toruń | B46: 256 | C46: 369 | D46: 350 | E46: 420 | F46: 45 | G46: 160 | H46: 437 | I46: 320 | J46: 180 | K46: 180 | L46: 255 | M46: 530 | N46: 370 | O46: 170 | P46: 365 | Q46: 295 | R46: 115 | S46: 230 | T46: 480 | U46: 436 | V46: 325 | W46: 255 | X46: 375 | Y46: 160 | Z46: 415 | AA46: 165 | AB46: 353 | AC46: 335 | AD46: 244 | AE46: 195 | AF46: 109 | AG46: 145 | AH46: 540 | AI46: 270 | AJ46: 475 | AK46: 310 | AL46: 185 | AM46: 245 | AN46: 376 | AO46: 309 | AP46: 358 | AQ46: 403 | AR46: 415 | AS46: 408 | AY46: Toruń
A47: =AY47 -> Warszawa | B47: 308 | C47: 162 | D47: 190 | E47: 400 | F47: 255 | G47: 100 | H47: 372 | I47: 220 | J47: 320 | K47: 341 | L47: 440 | M47: 312 | N47: 475 | O47: 255 | P47: 300 | Q47: 175 | R47: 200 | S47: 395 | T47: 315 | U47: 487 | V47: 420 | W47: 345 | X47: 170 | Y47: 135 | Z47: 355 | AA47: 220 | AB47: 500 | AC47: 315 | AD47: 114 | AE47: 140 | AF47: 110 | AG47: 305 | AH47: 375 | AI47: 105 | AJ47: 310 | AK47: 100 | AL47: 80 | AM47: 425 | AN47: 274 | AO47: 515 | AP47: 565 | AQ47: 232 | AR47: 295 | AS47: 201 | AT47: 205 | AY47: Warszawa
A48: =AY48 -> Włocławek | B48: 314 | C48: 322 | D48: 315 | E48: 360 | F48: 105 | G48: 130 | H48: 379 | I48: 380 | J48: 235 | K48: 235 | L48: 295 | M48: 472 | N48: 380 | O48: 130 | P48: 305 | Q48: 240 | R48: 75 | S48: 290 | T48: 420 | U48: 394 | V48: 315 | W48: 215 | X48: 330 | Y48: 100 | Z48: 355 | AA48: 215 | AB48: 365 | AC48: 295 | AD48: 216 | AE48: 145 | AF48: 50 | AG48: 160 | AH48: 485 | AI48: 210 | AJ48: 415 | AK48: 260 | AL48: 130 | AM48: 305 | AN48: 385 | AO48: 369 | AP48: 416 | AQ48: 345 | AR48: 355 | AS48: 361 | AT48: 60 | AU48: 160 | AY48: Włocławek
A49: =AY49 -> Wrocław | B49: 564 | C49: 504 | D49: 535 | E49: 230 | F49: 275 | G49: 445 | H49: 241 | I49: 180 | J49: 470 | K49: 485 | L49: 270 | M49: 558 | N49: 125 | O49: 120 | P49: 195 | Q49: 300 | R49: 175 | S49: 415 | T49: 270 | U49: 140 | V49: 70 | W49: 95 | X49: 415 | Y49: 225 | Z49: 370 | AA49: 475 | AB49: 197 | AC49: 85 | AD49: 461 | AE49: 205 | AF49: 309 | AG49: 170 | AH49: 520 | AI49: 310 | AJ49: 435 | AK49: 450 | AL49: 295 | AM49: 450 | AN49: 621 | AO49: 370 | AP49: 468 | AQ49: 420 | AR49: 350 | AS49: 543 | AT49: 290 | AU49: 345 | AV49: 290 | AY49: Wrocław
A50: =AY50 -> Zakopane | B50: 728 | C50: 481 | D50: 636 | E50: 129 | F50: 584 | G50: 520 | H50: 164 | I50: 239 | J50: 739 | K50: 691 | L50: 625 | M50: 443 | N50: 453 | O50: 407 | P50: 162 | Q50: 243 | R50: 446 | S50: 761 | T50: 107 | U50: 379 | V50: 571 | W50: 454 | X50: 360 | Y50: 365 | Z50: 98 | AA50: 639 | AB50: 696 | AC50: 274 | AD50: 53 | AE50: 335 | AF50: 477 | AG50: 517 | AH50: 325 | AI50: 317 | AJ50: 242 | AK50: 501 | AL50: 409 | AM50: 809 | AN50: 394 | AO50: 714 | AP50: 827 | AQ50: 253 | AR50: 152 | AS50: 523 | AT50: 510 | AU50: 420 | AV50: 453 | AW50: 342 | AY50: Zakopane
A51: =AY51 -> Zielona Góra | B51: 550 | C51: 588 | D51: 615 | E51: 385 | F51: 260 | G51: 425 | H51: 397 | I51: 335 | J51: 435 | K51: 425 | L51: 110 | M51: 687 | N51: 145 | O51: 210 | P51: 355 | Q51: 430 | R51: 229 | S51: 340 | T51: 475 | U51: 264 | V51: 105 | W51: 85 | X51: 545 | Y51: 325 | Z51: 529 | AA51: 460 | AB51: 74 | AC51: 240 | AD51: 507 | AE51: 335 | AF51: 340 | AG51: 130 | AH51: 675 | AI51: 440 | AJ51: 640 | AK51: 525 | AL51: 385 | AM51: 410 | AN51: 655 | AO51: 215 | AP51: 312 | AQ51: 534 | AR51: 508 | AS51: 627 | AT51: 279 | AU51: 425 | AV51: 290 | AW51: 155 | AX51: 498 | AY51: Zielona Góra

Sheet full road data
A1: dist | B1: Bezledy | C1: Biała Podlaska | D1: Białystok | E1: Bielsko - Biała | F1: Bydgoszcz | G1: Ciechanów | H1: Cieszyn | I1: Częstochowa | J1: Elbląg | K1: Gdańsk | L1: Gorzów Wielkopolski | M1: Hrebenne | N1: Jelenia Góra | O1: Kalisz | P1: Katowice | Q1: Kielce | R1: Konin | S1: Koszalin | T1: Kraków | U1: Kudowa-Słone | V1: Legnica | W1: Leszno | X1: Lublin | Y1: Łódź | Z1: Nowy Sącz | AA1: Olsztyn | AB1: Olszyna | AC1: Opole | AD1: Ostrołęka | AE1: Piotrków Trybunalski | AF1: Płock | AG1: Poznań | AH1: Przemyśl | AI1: Radom | AJ1: Rzeszów | AK1: Siedlce | AL1: Skierniewice | AM1: Słupsk | AN1: Suwałki | AO1: Szczecin | AP1: Świnoujście | AQ1: Tarnobrzeg | AR1: Tarnów | AS1: Terespol | AT1: Toruń | AU1: Warszawa | AV1: Włocławek | AW1: Wrocław | AX1: Zakopane | AY1: Zielona Góra
A2: Bezledy | B2: 0 | C2: 382 | D2: 224 | E2: 622 | F2: 288 | G2: 208 | H2: 741 | I2: 490 | J2: 133 | K2: 192 | L2: 489 | M2: 57 | N2: 647 | O2: 428 | P2: 567 | Q2: 485 | R2: 371 | S2: 395 | T2: 621 | U2: 704 | V2: 580 | W2: 480 | X2: 437 | Y2: 364 | Z2: 662 | AA2: 89 | AB2: 609 | AC2: 564 | AD2: 179 | AE2: 409 | AF2: 267 | AG2: 403 | AH2: 642 | AI2: 411 | AJ2: 609 | AK2: 321 | AL2: 359 | AM2: 326 | AN2: 186 | AO2: 539 | AP2: 546 | AQ2: 540 | AR2: 603 | AS2: 421 | AT2: 256 | AU2: 308 | AV2: 314 | AW2: 564 | AX2: 728 | AY2: 550
A3: Biała Podlaska | B3: 382 | C3: 0 | D3: 154 | E3: 491 | F3: 415 | G3: 237 | H3: 496 | I3: 383 | J3: 428 | K3: 487 | L3: 600 | M3: 245 | N3: 631 | O3: 416 | P3: 460 | Q3: 268 | R3: 364 | S3: 600 | T3: 374 | U3: 621 | V3: 576 | W3: 505 | X3: 121 | Y3: 297 | Z3: 406 | AA3: 238 | AB3: 662 | AC3: 477 | AD3: 203 | AE3: 297 | AF3: 274 | AG3: 466 | AH3: 336 | AI3: 94 | AJ3: 296 | AK3: 61 | AL3: 242 | AM3: 587 | AN3: 270 | AO3: 675 | AP3: 675 | AQ3: 225 | AR3: 347 | AS3: 39 | AT3: 369 | AU3: 162 | AV3: 322 | AW3: 504 | AX3: 481 | AY3: 588
A4: Białystok | B4: 224 | C4: 154 | D4: 0 | E4: 542 | F4: 400 | G4: 190 | H4: 562 | I4: 410 | J4: 335 | K4: 395 | L4: 608 | M4: 400 | N4: 630 | O4: 445 | P4: 490 | Q4: 365 | R4: 390 | S4: 585 | T4: 445 | U4: 649 | V4: 610 | W4: 510 | X4: 295 | Y4: 215 | Z4: 510 | AA4: 235 | AB4: 716 | AC4: 505 | AD4: 113 | AE4: 330 | AF4: 275 | AG4: 485 | AH4: 470 | AI4: 295 | AJ4: 430 | AK4: 170 | AL4: 270 | AM4: 525 | AN4: 116 | AO4: 660 | AP4: 710 | AQ4: 390 | AR4: 480 | AS4: 193 | AT4: 350 | AU4: 190 | AV4: 315 | AW4: 535 | AX4: 636 | AY4: 615
A5: Bielsko - Biała | B5: 622 | C5: 491 | D5: 542 | E5: 0 | F5: 460 | G5: 500 | H5: 35 | I5: 130 | J5: 595 | K5: 595 | L5: 495 | M5: 392 | N5: 340 | O5: 300 | P5: 55 | Q5: 225 | R5: 340 | S5: 640 | T5: 85 | U5: 256 | V5: 300 | W5: 325 | X5: 340 | Y5: 260 | Z5: 150 | AA5: 535 | AB5: 458 | AC5: 145 | AD5: 514 | AE5: 215 | AF5: 355 | AG5: 400 | AH5: 340 | AI5: 295 | AJ5: 255 | AK5: 480 | AL5: 300 | AM5: 660 | AN5: 674 | AO5: 600 | AP5: 728 | AQ5: 233 | AR5: 170 | AS5: 530 | AT5: 420 | AU5: 400 | AV5: 360 | AW5: 230 | AX5: 129 | AY5: 385
A6: Bydgoszcz | B6: 288 | C6: 415 | D6: 400 | E6: 460 | F6: 0 | G6: 205 | H6: 479 | I6: 330 | J6: 175 | K6: 170 | L6: 210 | M6: 576 | N6: 375 | O6: 180 | P6: 405 | Q6: 345 | R6: 120 | S6: 185 | T6: 477 | U6: 432 | V6: 375 | W6: 205 | X6: 420 | Y6: 205 | Z6: 520 | AA6: 200 | AB6: 336 | AC6: 340 | AD6: 290 | AE6: 275 | AF6: 150 | AG6: 130 | AH6: 590 | AI6: 315 | AJ6: 525 | AK6: 355 | AL6: 240 | AM6: 200 | AN6: 408 | AO6: 260 | AP6: 312 | AQ6: 449 | AR6: 460 | AS6: 454 | AT6: 45 | AU6: 255 | AV6: 105 | AW6: 275 | AX6: 584 | AY6: 260
A7: Ciechanów | B7: 208 | C7: 237 | D7: 190 | E7: 500 | F7: 205 | G7: 0 | H7: 472 | I7: 320 | J7: 220 | K7: 280 | L7: 425 | M7: 412 | N7: 575 | O7: 265 | P7: 400 | Q7: 275 | R7: 205 | S7: 390 | T7: 415 | U7: 559 | V7: 445 | W7: 345 | X7: 280 | Y7: 180 | Z7: 455 | AA7: 120 | AB7: 497 | AC7: 415 | AD7: 84 | AE7: 240 | AF7: 85 | AG7: 290 | AH7: 475 | AI7: 205 | AJ7: 410 | AK7: 175 | AL7: 175 | AM7: 360 | AN7: 253 | AO7: 465 | AP7: 518 | AQ7: 332 | AR7: 395 | AS7: 276 | AT7: 160 | AU7: 100 | AV7: 130 | AW7: 445 | AX7: 520 | AY7: 425
A8: Cieszyn | B8: 741 | C8: 496 | D8: 562 | E8: 35 | F8: 479 | G8: 472 | H8: 0 | I8: 151 | J8: 652 | K8: 670 | L8: 509 | M8: 427 | N8: 277 | O8: 320 | P8: 74 | Q8: 286 | R8: 358 | S8: 664 | T8: 122 | U8: 234 | V8: 313 | W8: 336 | X8: 375 | Y8: 277 | Z8: 187 | AA8: 522 | AB8: 391 | AC8: 156 | AD8: 486 | AE8: 232 | AF8: 374 | AG8: 413 | AH8: 374 | AI8: 332 | AJ8: 290 | AK8: 473 | AL8: 322 | AM8: 723 | AN8: 646 | AO8: 613 | AP8: 696 | AQ8: 268 | AR8: 205 | AS8: 535 | AT8: 437 | AU8: 372 | AV8: 379 | AW8: 241 | AX8: 164 | AY8: 397
A9: Częstochowa | B9: 490 | C9: 383 | D9: 410 | E9: 130 | F9: 330 | G9: 320 | H9: 151 | I9: 0 | J9: 500 | K9: 450 | L9: 435 | M9: 401 | N9: 300 | O9: 195 | P9: 75 | Q9: 135 | R9: 209 | S9: 490 | T9: 150 | U9: 238 | V9: 250 | W9: 275 | X9: 290 | Y9: 129 | Z9: 250 | AA9: 400 | AB9: 457 | AC9: 95 | AD9: 335 | AE9: 80 | AF9: 229 | AG9: 280 | AH9: 385 | AI9: 185 | AJ9: 315 | AK9: 320 | AL9: 170 | AM9: 570 | AN9: 646 | AO9: 550 | AP9: 631 | AQ9: 241 | AR9: 237 | AS9: 422 | AT9: 320 | AU9: 220 | AV9: 380 | AW9: 180 | AX9: 239 | AY9: 335
A10: Elbląg | B10: 133 | C10: 428 | D10: 335 | E10: 595 | F10: 175 | G10: 220 | H10: 652 | I10: 500 | J10: 0 | K10: 60 | L10: 355 | M10: 617 | N10: 520 | O10: 350 | P10: 580 | Q10: 495 | R10: 295 | S10: 260 | T10: 630 | U10: 711 | V10: 455 | W10: 355 | X10: 485 | Y10: 375 | Z10: 675 | AA10: 100 | AB10: 509 | AC10: 515 | AD10: 225 | AE10: 280 | AF10: 280 | AG10: 305 | AH10: 695 | AI10: 420 | AJ10: 625 | AK10: 365 | AL10: 365 | AM10: 195 | AN10: 309 | AO10: 405 | AP10: 441 | AQ10: 551 | AR10: 615 | AS10: 467 | AT10: 180 | AU10: 320 | AV10: 235 | AW10: 470 | AX10: 739 | AY10: 435
A11: Gdańsk | B11: 192 | C11: 487 | D11: 395 | E11: 595 | F11: 170 | G11: 280 | H11: 670 | I11: 450 | J11: 60 | K11: 0 | L11: 315 | M11: 660 | N11: 570 | O11: 300 | P11: 530 | Q11: 505 | R11: 245 | S11: 205 | T11: 610 | U11: 645 | V11: 505 | W11: 405 | X11: 515 | Y11: 340 | Z11: 680 | AA11: 160 | AB11: 487 | AC11: 515 | AD11: 284 | AE11: 410 | AF11: 285 | AG11: 330 | AH11: 750 | AI11: 450 | AJ11: 685 | AK11: 425 | AL11: 365 | AM11: 135 | AN11: 368 | AO11: 365 | AP11: 354 | AQ11: 610 | AR11: 620 | AS11: 526 | AT11: 180 | AU11: 341 | AV11: 235 | AW11: 485 | AX11: 691 | AY11: 425
A12: Gorzów Wielkopolski | B12: 489 | C12: 600 | D12: 608 | E12: 495 | F12: 210 | G12: 425 | H12: 509 | I12: 435 | J12: 355 | K12: 315 | L12: 0 | M12: 723 | N12: 255 | O12: 245 | P12: 465 | Q12: 465 | R12: 235 | S12: 225 | T12: 585 | U12: 376 | V12: 215 | W12: 210 | X12: 580 | Y12: 345 | Z12: 650 | AA12: 410 | AB12: 186 | AC12: 355 | AD12: 509 | AE12: 370 | AF12: 340 | AG12: 135 | AH12: 710 | AI12: 475 | AJ12: 645 | AK12: 540 | AL12: 380 | AM12: 295 | AN12: 616 | AO12: 105 | AP12: 200 | AQ12: 570 | AR12: 580 | AS12: 639 | AT12: 255 | AU12: 440 | AV12: 295 | AW12: 270 | AX12: 625 | AY12: 110
A13: Hrebenne | B13: 57 | C13: 245 | D13: 400 | E13: 392 | F13: 576 | G13: 412 | H13: 427 | I13: 401 | J13: 617 | K13: 660 | L13: 723 | M13: 0 | N13: 685 | O13: 479 | P13: 433 | Q13: 266 | R13: 486 | S13: 749 | T13: 306 | U13: 595 | V13: 630 | W13: 604 | X13: 144 | Y13: 396 | Z13: 346 | AA13: 531 | AB13: 729 | AC13: 515 | AD13: 402 | AE13: 351 | AF13: 424 | AG13: 589 | AH13: 119 | AI13: 248 | AJ13: 150 | AK13: 260 | AL13: 362 | AM13: 727 | AN13: 516 | AO13: 825 | AP13: 877 | AQ13: 160 | AR13: 235 | AS13: 284 | AT13: 530 | AU13: 312 | AV13: 472 | AW13: 558 | AX13: 443 | AY13: 687
... A51: Zielona Góra | B51: 550 | C51: 588 | D51: 615 | E51: 385 | F51: 260 | G51: 425 | H51: 397 | I51: 335 | J51: 435 | K51: 425 | L51: 110 | M51: 687 | N51: 145 | O51: 210 | P51: 355 | Q51: 430 | R51: 229 | S51: 340 | T51: 475 | U51: 264 | V51: 105 | W51: 85 | X51: 545 | Y51: 325 | Z51: 529 | AA51: 460 | AB51: 74 | AC51: 240 | AD51: 507 | AE51: 335 | AF51: 340 | AG51: 130 | AH51: 675 | AI51: 440 | AJ51: 640 | AK51: 525 | AL51: 385 | AM51: 410 | AN51: 655 | AO51: 215 | AP51: 312 | AQ51: 534 | AR51: 508 | AS51: 627 | AT51: 279 | AU51: 425 | AV51: 290 | AW51: 155 | AX51: 498 | AY51: 0
